size,otu1,otu10,otu100,otu101,otu102,otu103,otu104,otu105,otu106,otu107,otu108,otu109,otu11,otu110,otu111,otu112,otu113,otu114,otu115,otu116,otu117,otu118,otu119,otu12,otu120,otu121,otu122,otu123,otu124,otu125,otu126,otu127,otu128,otu129,otu13,otu130,otu131,otu132,otu133,otu134,otu135,otu136,otu137,otu138,otu139,otu14,otu140,otu141,otu142,otu143,otu144,otu145,otu146,otu147,otu148,otu149,otu15,otu150,otu151,otu152,otu153,otu154,otu155,otu156,otu157,otu158,otu159,otu16,otu160,otu161,otu162,otu163,otu164,otu165,otu166,otu167,otu168,otu169,otu17,otu170,otu171,otu172,otu173,otu174,otu175,otu176,otu177,otu178,otu179,otu18,otu180,otu181,otu182,otu183,otu184,otu185,otu186,otu187,otu188,otu189,otu19,otu190,otu191,otu192,otu193,otu194,otu195,otu196,otu197,otu198,otu199,otu2,otu20,otu200,otu201,otu202,otu203,otu204,otu205,otu206,otu207,otu208,otu209,otu21,otu210,otu211,otu212,otu213,otu214,otu215,otu216,otu217,otu218,otu219,otu22,otu220,otu221,otu222,otu223,otu224,otu225,otu226,otu227,otu228,otu229,otu23,otu230,otu231,otu232,otu233,otu234,otu235,otu236,otu237,otu238,otu239,otu24,otu240,otu241,otu242,otu243,otu244,otu245,otu246,otu247,otu248,otu249,otu25,otu250,otu251,otu252,otu253,otu254,otu255,otu256,otu257,otu258,otu259,otu26,otu260,otu261,otu262,otu263,otu264,otu265,otu266,otu267,otu268,otu269,otu27,otu270,otu271,otu272,otu273,otu274,otu275,otu276,otu277,otu278,otu279,otu28,otu280,otu281,otu282,otu283,otu284,otu285,otu286,otu287,otu288,otu289,otu29,otu290,otu291,otu292,otu293,otu294,otu295,otu296,otu297,otu298,otu299,otu3,otu30,otu300,otu301,otu302,otu303,otu304,otu305,otu306,otu307,otu308,otu309,otu31,otu310,otu311,otu312,otu313,otu314,otu315,otu316,otu317,otu318,otu319,otu32,otu320,otu321,otu322,otu323,otu324,otu325,otu326,otu327,otu328,otu329,otu33,otu330,otu331,otu332,otu333,otu334,otu335,otu336,otu337,otu338,otu339,otu34,otu340,otu341,otu342,otu343,otu344,otu345,otu346,otu347,otu348,otu349,otu35,otu350,otu351,otu352,otu353,otu354,otu355,otu356,otu357,otu358,otu359,otu36,otu360,otu361,otu362,otu363,otu364,otu365,otu366,otu367,otu368,otu369,otu37,otu370,otu371,otu372,otu373,otu374,otu375,otu376,otu377,otu378,otu379,otu38,otu380,otu381,otu382,otu383,otu384,otu385,otu386,otu387,otu388,otu389,otu39,otu390,otu391,otu392,otu393,otu394,otu395,otu396,otu397,otu398,otu399,otu4,otu40,otu400,otu401,otu402,otu403,otu404,otu405,otu406,otu407,otu408,otu409,otu41,otu410,otu411,otu412,otu413,otu414,otu415,otu416,otu417,otu418,otu419,otu42,otu420,otu421,otu422,otu423,otu424,otu425,otu426,otu427,otu428,otu429,otu43,otu430,otu431,otu432,otu433,otu434,otu435,otu436,otu437,otu438,otu439,otu44,otu440,otu441,otu442,otu443,otu444,otu445,otu446,otu447,otu448,otu449,otu45,otu450,otu451,otu452,otu453,otu454,otu455,otu456,otu457,otu458,otu459,otu46,otu460,otu461,otu462,otu463,otu464,otu465,otu466,otu467,otu468,otu469,otu47,otu470,otu471,otu472,otu473,otu474,otu475,otu476,otu477,otu478,otu479,otu48,otu480,otu481,otu482,otu483,otu484,otu485,otu486,otu487,otu488,otu489,otu49,otu490,otu491,otu492,otu493,otu494,otu495,otu496,otu497,otu498,otu499,otu5,otu50,otu500,otu501,otu502,otu503,otu504,otu505,otu506,otu507,otu508,otu509,otu51,otu510,otu511,otu512,otu513,otu514,otu515,otu516,otu517,otu518,otu519,otu52,otu520,otu521,otu522,otu523,otu524,otu525,otu526,otu527,otu528,otu529,otu53,otu530,otu531,otu532,otu533,otu534,otu535,otu536,otu537,otu538,otu539,otu54,otu540,otu541,otu542,otu543,otu544,otu545,otu546,otu547,otu548,otu549,otu55,otu550,otu551,otu552,otu553,otu554,otu555,otu556,otu557,otu558,otu559,otu56,otu560,otu561,otu562,otu563,otu564,otu565,otu566,otu567,otu568,otu569,otu57,otu570,otu571,otu572,otu573,otu574,otu575,otu576,otu577,otu578,otu579,otu58,otu580,otu581,otu582,otu583,otu584,otu585,otu586,otu587,otu588,otu589,otu59,otu590,otu591,otu592,otu593,otu594,otu595,otu596,otu597,otu598,otu599,otu6,otu60,otu600,otu601,otu602,otu603,otu604,otu605,otu606,otu607,otu608,otu609,otu61,otu610,otu611,otu612,otu613,otu614,otu615,otu616,otu617,otu618,otu619,otu62,otu620,otu621,otu622,otu623,otu624,otu625,otu626,otu627,otu628,otu629,otu63,otu630,otu631,otu632,otu633,otu634,otu635,otu636,otu637,otu638,otu639,otu64,otu640,otu641,otu642,otu643,otu644,otu645,otu646,otu647,otu648,otu649,otu65,otu650,otu651,otu652,otu653,otu654,otu655,otu656,otu657,otu658,otu659,otu66,otu660,otu661,otu662,otu663,otu664,otu665,otu666,otu667,otu668,otu669,otu67,otu670,otu671,otu672,otu673,otu674,otu675,otu676,otu677,otu678,otu679,otu68,otu680,otu681,otu682,otu683,otu684,otu685,otu686,otu687,otu688,otu689,otu69,otu690,otu691,otu692,otu693,otu694,otu695,otu696,otu697,otu698,otu699,otu7,otu70,otu700,otu701,otu702,otu703,otu704,otu705,otu706,otu707,otu708,otu709,otu71,otu710,otu711,otu712,otu713,otu714,otu715,otu716,otu717,otu718,otu719,otu72,otu720,otu721,otu722,otu723,otu724,otu725,otu726,otu727,otu728,otu729,otu73,otu730,otu731,otu732,otu733,otu734,otu735,otu736,otu737,otu738,otu739,otu74,otu740,otu741,otu742,otu743,otu744,otu745,otu746,otu747,otu748,otu749,otu75,otu750,otu751,otu752,otu753,otu754,otu755,otu756,otu757,otu758,otu759,otu76,otu760,otu761,otu762,otu763,otu764,otu765,otu766,otu767,otu768,otu769,otu77,otu770,otu771,otu772,otu773,otu774,otu775,otu776,otu777,otu778,otu779,otu78,otu780,otu781,otu782,otu783,otu784,otu785,otu786,otu787,otu788,otu789,otu79,otu790,otu791,otu792,otu793,otu794,otu795,otu796,otu797,otu798,otu799,otu8,otu80,otu800,otu801,otu802,otu803,otu804,otu805,otu806,otu807,otu808,otu809,otu81,otu811,otu812,otu813,otu814,otu815,otu816,otu817,otu818,otu819,otu82,otu820,otu821,otu822,otu823,otu824,otu825,otu827,otu828,otu829,otu83,otu830,otu831,otu832,otu833,otu834,otu835,otu836,otu838,otu84,otu840,otu841,otu842,otu843,otu844,otu845,otu846,otu847,otu848,otu849,otu85,otu850,otu851,otu852,otu853,otu854,otu855,otu856,otu857,otu858,otu859,otu86,otu860,otu861,otu862,otu863,otu865,otu866,otu867,otu868,otu869,otu87,otu870,otu871,otu872,otu873,otu874,otu875,otu876,otu877,otu878,otu879,otu88,otu880,otu881,otu882,otu884,otu885,otu886,otu887,otu888,otu889,otu89,otu891,otu892,otu893,otu894,otu895,otu896,otu897,otu898,otu899,otu9,otu90,otu900,otu901,otu902,otu903,otu904,otu905,otu906,otu907,otu908,otu909,otu91,otu910,otu911,otu912,otu913,otu92,otu93,otu94,otu95,otu96,otu97,otu98,otu99
spool1,3541,63,0,0,0,909,0,0,0,0,0,0,0,86,27,0,0,0,0,0,0,233,0,643,0,0,0,0,0,0,0,0,0,0,0,0,0,0,0,0,0,0,0,0,0,0,0,0,0,0,0,0,0,0,0,230,0,0,0,0,0,0,0,42,22,0,0,0,0,0,0,0,793,0,0,0,0,0,0,0,0,0,0,0,0,0,0,0,14,0,0,0,10,189,0,0,0,0,0,0,0,0,79,0,0,266,0,0,792,175,0,0,0,0,506,0,0,0,0,0,0,0,0,0,0,492,169,0,0,52,450,0,0,254,0,0,0,0,0,0,0,211,0,430,0,0,0,0,0,0,0,0,0,0,0,0,0,0,0,0,0,0,58,0,0,0,0,4222,0,0,0,0,0,0,0,320,0,0,0,0,0,0,0,0,0,0,0,47,0,0,0,0,0,0,0,0,0,0,0,0,0,0,0,0,0,0,0,24,0,0,0,0,0,0,0,0,6,0,0,0,0,0,4625,0,0,219,0,0,7,0,0,0,0,0,0,0,0,0,0,203,88,0,0,0,0,0,0,0,0,0,0,0,55,0,0,0,0,0,0,0,0,0,0,0,36,0,0,0,144,0,0,161,0,0,0,0,0,0,0,0,0,0,0,0,0,0,0,0,0,0,0,0,122,0,0,0,0,0,0,0,0,0,0,0,0,0,0,0,0,0,0,0,0,0,0,0,0,0,0,0,0,0,0,0,0,0,0,0,19,108,0,0,0,8629,0,0,0,0,0,0,0,57,0,0,0,0,0,0,0,0,0,90,0,0,0,0,0,0,0,14,0,0,0,0,0,0,0,0,0,0,0,0,0,0,0,0,0,0,320,0,0,0,0,0,0,0,0,0,0,0,0,0,0,0,0,0,0,0,0,0,0,0,0,0,0,0,0,0,0,0,0,0,0,0,0,0,0,0,71,0,0,0,0,0,0,0,0,0,0,0,0,0,0,0,0,48,0,0,0,0,0,0,15,59,1228,435,0,0,28,0,0,0,0,56,0,0,0,0,0,0,0,0,0,0,0,0,0,0,0,0,0,0,0,0,0,6,0,0,0,7,0,0,0,0,0,0,0,0,0,0,0,0,0,0,0,0,0,0,0,0,0,0,0,0,0,0,0,0,35,0,0,0,0,0,0,0,33,0,0,0,0,0,1277,0,0,0,0,0,0,0,0,0,0,350,0,0,0,0,0,0,0,0,0,0,0,0,0,0,19,29,0,0,0,0,0,0,0,0,0,0,0,0,0,0,0,0,0,0,0,0,0,0,0,0,0,0,0,0,0,0,0,0,0,0,0,0,0,0,0,0,0,0,0,0,0,0,0,0,0,0,0,0,0,0,0,0,0,0,0,0,0,0,0,0,0,0,0,0,0,0,0,0,0,0,0,0,0,12,0,0,0,0,0,129,0,0,0,0,0,0,0,0,0,0,0,0,0,0,0,0,0,0,8,7,24,0,0,0,0,0,0,0,0,0,0,0,9939,0,0,0,0,0,0,0,0,0,0,0,0,0,0,0,0,11,0,0,0,0,0,0,0,0,0,0,0,0,0,0,0,0,0,0,0,0,0,0,0,0,0,0,0,5,0,0,0,0,0,0,0,0,0,0,1742,0,0,0,0,0,0,0,0,0,0,0,0,0,0,0,0,0,0,0,0,0,0,0,0,0,0,0,0,0,0,0,0,0,0,0,0,0,0,0,0,0,0,0,0,0,0,0,0,0,0,0,0,0,0,0,177,0,0,0,0,0,0,0,0,0,0,0,0,0,0,6,0,0,0,0,0,0,0,0,0,0,0,0,0,0,0,0,0,0,0,13,0,0,0,0,0,0,0,0,0,0,0,0,0,0,0,259,0,0,0,0,0,0,0,0,0,0,0,0,0,0,0,0,0,0,0,0,0,0,0,0,0,0,0,0,0,0,0,0,0,7,0,0,0,0,0,0,0,0,0,0,0,9,0,0,0,0,0,0,0,0,0,0,0,0,0,0,0,0,0,0,0,0,0,0,0,0,0,0,0,0,0,3234
spool2,2581,27,0,0,0,609,0,0,0,0,403,0,0,69,17,0,0,0,0,0,0,158,0,360,0,0,0,0,0,0,0,0,0,0,1354,0,441,0,0,0,0,0,0,0,0,0,0,0,0,0,0,0,0,0,0,120,0,0,0,0,0,0,0,21,18,0,0,0,0,0,0,0,449,0,0,0,0,0,0,0,0,0,0,0,0,0,0,0,11,0,0,74,0,88,0,0,0,0,0,0,0,0,48,0,0,163,0,0,417,100,412,0,0,0,357,0,0,0,0,0,0,0,0,0,0,327,94,232,0,23,275,0,0,135,0,0,0,0,0,0,0,113,0,233,0,0,0,0,0,0,0,0,0,0,0,0,0,0,0,0,0,0,26,0,0,0,0,3138,0,0,0,0,0,0,0,206,0,0,0,0,0,0,0,0,0,0,0,36,0,0,0,0,0,0,0,0,0,0,0,0,0,0,0,0,0,0,0,9,0,276,0,0,11,0,0,0,0,0,0,0,0,0,3015,0,0,166,0,0,6,0,0,0,0,250,0,0,0,0,0,118,60,0,0,0,0,0,0,0,0,0,0,0,33,0,0,0,0,0,0,0,0,0,0,0,29,0,0,0,82,0,0,110,0,0,0,0,0,0,0,0,0,0,222,0,0,0,0,0,0,0,0,0,56,0,0,0,0,0,0,0,0,0,0,0,0,0,0,0,0,138,0,0,0,0,0,0,0,0,0,0,0,0,0,0,0,0,0,0,8,52,0,0,0,6347,0,0,148,0,0,0,0,32,0,0,0,0,0,0,18,0,0,49,0,0,0,0,0,0,0,6,0,0,0,0,0,0,20,0,0,0,0,0,0,0,0,0,0,0,201,0,0,0,0,0,0,0,0,0,0,0,0,0,0,0,0,0,0,0,0,0,0,0,0,0,0,0,0,0,0,0,0,0,0,12,0,0,0,0,38,0,0,0,0,0,0,0,0,0,5,0,0,0,0,0,0,18,0,0,0,0,0,0,13,38,873,233,0,0,24,73,0,0,0,36,0,0,1433,0,0,0,0,0,0,0,0,0,0,0,0,0,57,0,0,0,0,0,0,0,0,7,0,0,0,0,0,0,0,0,0,0,0,0,0,0,0,0,0,0,0,0,0,0,7,0,0,0,0,0,30,0,0,0,0,0,0,0,16,15,58,0,0,0,808,0,0,0,0,0,0,0,0,0,0,247,0,0,0,0,0,0,0,0,0,0,0,0,0,0,14,25,0,0,21,0,0,1962,0,0,0,0,5,0,0,0,0,0,0,0,0,0,0,0,0,0,0,0,0,0,0,0,0,0,0,0,0,0,0,0,0,0,0,9,0,0,0,0,0,0,0,0,1862,0,0,0,0,0,0,0,0,0,0,0,0,0,0,0,0,0,0,0,0,0,0,0,0,0,0,11,0,0,0,0,0,62,0,0,0,0,0,0,0,0,0,0,0,23,0,0,0,0,0,0,12,0,8,0,0,0,0,0,0,0,0,0,0,5,7329,0,0,0,0,0,0,0,0,0,0,0,0,5,0,0,0,11,0,0,0,0,0,0,0,0,0,0,0,0,0,0,0,0,0,0,0,0,0,0,0,0,0,0,0,7,0,0,0,0,0,0,0,0,0,0,1155,0,0,0,0,0,0,0,0,12,0,0,0,0,0,0,0,0,0,0,0,0,0,0,0,0,0,0,0,0,0,0,0,0,0,0,0,0,0,0,0,0,0,0,0,0,0,0,0,0,0,0,0,0,0,0,111,0,0,0,0,0,0,0,0,24,0,0,0,0,0,7,0,0,0,0,0,0,0,0,0,0,0,0,0,0,0,0,0,0,0,0,0,0,0,0,0,0,0,0,0,0,0,0,0,0,0,750,0,0,0,0,0,0,0,0,0,0,0,0,0,0,0,0,0,0,0,0,0,0,0,0,0,0,0,0,0,0,0,0,0,0,0,0,0,0,0,0,0,0,0,0,0,0,0,0,0,0,0,0,0,0,0,0,0,0,0,0,0,0,0,0,0,0,0,0,0,0,0,0,0,0,0,2187
spool3,1916,11,0,0,0,430,0,0,0,0,250,0,0,41,18,0,0,0,0,0,0,66,0,197,0,770,0,0,0,0,0,0,0,0,1993,0,312,34,0,0,0,0,0,0,0,0,0,0,0,0,0,0,0,0,0,58,0,0,0,0,0,0,0,15,12,0,0,0,0,0,0,0,240,0,0,0,0,0,0,0,0,0,0,0,0,0,0,0,9,0,0,54,6,65,0,0,0,0,0,0,0,0,146,0,0,87,0,0,197,63,255,0,0,0,184,0,0,0,0,0,0,0,0,0,0,190,51,113,0,16,184,0,0,80,0,0,0,0,0,0,0,66,0,148,0,0,0,0,0,0,0,0,0,0,0,0,2183,0,0,0,0,0,12,0,0,0,0,2437,0,0,0,0,0,0,0,150,0,0,0,69,0,0,12,0,0,0,0,14,0,0,0,0,0,0,0,0,0,0,0,0,0,0,0,0,0,0,0,7,0,219,0,0,17,0,0,0,0,0,0,0,0,0,1981,0,0,74,0,0,0,0,0,0,0,155,0,0,0,0,0,62,58,0,0,0,52,376,0,0,0,0,0,0,15,0,0,0,0,64,0,0,0,0,0,0,14,0,0,0,48,0,0,59,373,0,0,0,0,0,0,0,0,0,95,0,0,0,0,0,0,0,0,0,43,0,0,0,0,0,0,0,0,0,0,0,0,0,0,0,0,107,0,0,0,0,0,0,0,0,0,0,0,0,0,0,0,0,0,0,7,27,0,0,0,6147,0,0,85,0,0,0,0,23,0,0,0,0,0,0,17,0,0,32,0,0,0,0,0,0,0,0,0,0,0,0,0,0,14,0,0,0,0,0,0,0,0,0,0,0,124,0,0,0,0,0,0,0,0,0,0,0,0,0,0,0,0,0,0,0,0,0,0,0,0,0,0,0,0,0,0,23,0,0,0,13,0,0,0,0,13,0,0,0,0,0,0,0,0,0,0,0,0,0,0,0,0,19,0,0,0,0,0,0,6,21,505,114,0,0,0,48,0,0,0,21,0,0,1181,0,0,0,0,0,12,0,0,0,0,0,0,0,48,0,0,0,0,0,0,0,4130,0,0,0,59,0,0,0,0,0,0,4387,0,0,0,0,0,0,0,0,0,0,0,0,0,0,0,0,0,0,17,0,0,0,0,0,0,0,11,11,29,0,0,0,409,0,0,0,0,0,0,0,0,0,0,135,0,0,0,0,0,24,0,0,0,0,0,0,0,0,9,5,0,0,12,0,9,1676,0,0,0,0,0,0,0,0,0,0,0,0,0,0,0,0,0,0,0,0,0,0,0,0,0,0,0,0,0,0,0,0,0,0,0,0,0,0,0,0,0,0,0,0,1366,0,0,0,0,0,0,0,0,0,0,0,0,0,0,0,0,0,0,0,0,0,0,0,0,0,0,5,0,0,0,0,0,45,6,0,0,0,0,0,0,0,0,0,0,12,0,0,0,0,0,0,0,0,12,0,0,0,0,0,0,0,0,0,0,5,6616,0,0,0,0,0,0,0,0,0,0,0,0,0,0,0,0,5,0,0,5,0,0,0,0,0,0,0,0,0,0,0,0,0,0,0,0,0,0,0,0,0,0,0,0,0,0,0,0,0,0,0,0,0,0,9,842,0,0,0,0,0,0,0,0,0,0,0,0,0,0,0,0,0,0,0,0,0,2918,0,0,0,0,0,0,0,0,0,0,0,0,0,0,0,0,0,0,0,0,0,0,0,0,0,0,0,0,0,0,0,0,0,74,0,0,0,0,0,0,0,0,13,0,0,0,0,0,8,0,0,0,0,0,0,0,0,0,0,0,0,0,0,0,0,0,0,0,6,0,0,0,0,0,0,0,0,0,0,0,0,0,0,0,593,0,0,0,0,0,0,0,0,0,0,0,0,0,0,0,0,0,0,0,0,0,0,0,0,0,0,0,0,0,0,0,0,0,0,0,0,0,0,0,0,0,148,0,0,0,0,0,0,0,0,0,0,0,0,0,0,0,0,0,0,0,0,0,0,5,0,0,0,0,15,0,0,0,0,0,1489
spool4,430,5,0,0,0,40,0,0,0,0,101,0,0,87,15,0,0,0,0,0,0,48,0,21,0,338,0,0,0,0,0,0,0,0,654,0,110,21,0,0,0,0,0,0,0,0,0,0,0,0,0,0,0,0,0,7,0,0,0,0,0,0,0,501,0,0,0,0,0,0,0,0,25,35,0,0,0,0,0,0,0,0,0,0,0,0,0,0,0,0,0,25,0,30,0,0,0,0,0,0,0,0,109,0,0,7,0,0,27,37,137,0,0,0,12,0,0,0,0,0,0,0,0,20985,0,21,7,66,0,0,17,0,0,8,0,0,0,0,0,0,0,34,0,10,0,109,0,0,0,0,0,0,0,0,0,0,963,0,0,0,0,0,0,0,0,0,0,1000,0,0,0,0,0,0,0,10,0,0,0,35,0,0,6,0,0,0,0,10,0,0,0,0,0,0,0,0,0,0,0,0,0,0,0,0,0,0,0,0,0,100,0,10,0,0,0,0,0,577,0,0,0,0,335,101,0,46,0,0,0,0,0,0,0,86,0,0,0,0,0,0,0,0,0,0,17,125,0,0,0,0,0,0,13,0,0,0,0,37,0,0,0,0,0,0,8,0,0,0,12,0,0,6,116,0,0,0,0,0,0,0,0,0,66,0,0,0,0,0,0,0,0,0,7,0,0,0,0,0,0,0,0,0,0,0,0,0,0,0,0,33,0,0,0,0,0,0,0,0,0,0,0,0,0,0,0,0,0,0,0,20,0,0,0,1913,0,0,60,0,0,0,0,0,0,0,0,0,0,0,7,0,0,0,0,0,0,0,84,0,0,0,0,0,0,0,0,0,8,0,0,0,0,0,0,0,0,0,0,0,11,0,0,0,0,0,0,0,0,0,0,0,0,0,0,0,0,0,0,0,0,0,0,0,0,0,0,0,0,0,0,6,0,0,0,0,0,0,0,0,0,0,0,0,0,0,0,0,0,0,0,0,0,0,0,0,0,16,0,0,0,0,0,0,0,0,425,17,0,0,0,11,0,0,0,0,0,0,392,0,0,0,0,0,8,0,0,0,0,0,0,0,20,0,0,0,0,0,0,0,2002,0,0,0,21,0,0,0,0,0,0,1337,0,0,0,0,0,0,0,0,0,0,0,0,0,0,0,0,0,0,0,0,110,0,0,0,0,0,0,8,12,0,0,0,44,0,0,0,0,0,0,0,0,0,0,12,0,0,0,0,0,7,0,0,0,0,0,0,0,0,0,0,0,0,0,0,0,497,122,0,0,0,0,0,0,0,0,0,0,0,0,0,0,0,0,0,0,0,0,0,0,0,0,0,0,0,0,0,0,0,0,0,0,0,0,0,0,0,0,0,0,0,574,0,0,0,0,0,0,0,0,0,0,0,0,0,0,0,0,0,0,0,0,0,0,0,0,0,0,0,0,0,0,0,0,5,0,0,0,0,0,0,0,0,0,0,0,5,0,0,0,0,0,0,0,0,0,0,0,0,0,0,0,0,0,0,0,0,2207,0,0,0,0,0,0,0,0,0,0,0,0,0,0,0,0,6,0,0,0,0,0,155,0,0,0,0,0,0,0,0,0,0,0,0,0,0,0,0,0,0,0,0,0,0,0,0,0,0,0,0,0,0,0,5,65,0,0,0,0,0,0,0,0,5,0,0,0,0,0,0,0,0,0,41,0,0,1101,0,0,0,0,0,0,0,0,0,0,0,0,0,0,0,0,0,0,0,0,0,0,0,0,0,0,0,0,0,36,0,0,0,12,0,0,0,0,0,0,0,0,5,0,0,0,0,23,0,0,0,0,0,0,0,0,0,0,0,0,0,0,0,0,0,0,0,0,0,0,0,0,0,0,0,0,0,0,0,0,0,0,0,0,203,0,0,0,0,0,0,0,0,0,0,0,0,0,0,0,0,0,0,0,0,0,0,0,0,0,0,0,0,0,0,0,0,0,0,0,0,0,0,0,0,0,97,0,0,0,0,0,0,0,0,0,0,0,0,0,0,0,0,0,0,0,0,0,0,0,0,0,0,0,5,0,0,0,0,0,129
spool1,5495,30,0,0,956,0,0,0,0,0,0,0,0,537,81,757,0,0,0,0,0,226,0,2725,0,158,0,0,0,0,0,0,0,294,0,0,0,0,0,0,710,160,0,0,0,0,0,0,0,0,0,0,0,0,0,243,0,0,0,0,0,0,0,0,134,0,0,0,0,426,0,0,0,0,0,0,0,0,608,0,0,0,0,0,674,0,0,0,121,28,0,0,89,0,0,0,0,0,0,0,0,0,22,0,0,305,0,0,0,0,0,0,0,20,0,345,0,0,0,0,0,0,0,0,0,0,0,0,228,39,0,0,0,179,0,0,0,0,0,0,0,166,0,0,0,78,0,0,0,0,0,0,0,0,0,0,0,0,0,0,157,0,0,6,44,0,0,2189,0,0,0,0,0,0,0,0,0,147,0,0,0,0,0,0,0,0,0,0,0,3409,0,0,0,0,0,0,0,0,0,0,0,176,0,0,0,0,0,23,0,0,0,278,0,0,0,0,181,0,0,0,0,0,1370,59,162,0,6,0,0,0,0,0,145,0,2500,0,285,0,0,0,0,75,0,0,0,0,0,0,0,0,0,21,26,0,0,0,0,79,0,0,0,0,0,0,0,0,0,0,133,130,0,12,0,0,0,0,0,0,0,0,0,0,0,57,0,0,0,106,0,0,0,0,0,0,0,0,0,0,0,0,0,0,0,0,0,0,0,0,0,0,0,0,34,42,0,75,0,0,0,0,0,0,0,0,0,0,0,0,10,0,61,0,0,0,0,0,0,0,0,0,0,0,0,0,0,0,0,0,0,0,0,0,0,0,0,0,766,0,0,0,0,0,0,0,0,0,11,0,0,0,0,0,0,0,0,0,0,0,171,0,0,0,0,0,120,0,0,0,5,0,0,0,0,0,0,0,0,0,0,0,0,0,0,0,0,0,0,0,0,0,0,0,0,0,0,0,0,0,0,0,0,0,0,0,0,0,0,36,0,0,0,0,0,0,0,0,0,0,0,0,47,0,22,0,1465,310,0,37,0,0,0,0,0,0,0,0,0,0,29,34,0,0,0,0,0,0,21,0,0,20,27,0,0,0,0,0,0,0,0,0,0,0,0,0,0,0,0,0,0,0,0,0,0,0,0,0,0,0,0,0,0,0,10,0,0,0,0,0,0,0,0,0,0,0,0,0,0,0,0,0,0,0,0,0,0,26,0,0,10,0,0,0,0,364,0,18,0,14,0,0,0,0,0,0,0,30,0,25,0,0,0,0,0,18,0,1713,0,0,0,0,6,0,0,30,0,0,0,0,0,0,0,0,0,0,9,0,0,0,0,0,0,0,0,0,0,0,0,0,0,0,0,0,0,0,0,0,0,0,0,0,0,0,0,0,0,7,0,0,0,0,0,0,0,0,0,0,0,16,0,0,0,0,0,0,0,0,0,0,0,0,0,0,0,126,0,0,0,0,0,0,0,0,0,0,0,0,0,0,0,0,0,0,0,10,0,290,0,0,0,0,0,0,0,27,0,0,0,0,0,0,0,0,0,0,0,0,0,0,0,0,0,8,0,0,0,0,0,7,0,0,0,0,0,0,0,0,0,0,0,0,0,0,0,0,0,0,0,0,0,0,0,0,0,0,0,0,0,0,0,0,0,0,0,0,0,0,0,0,0,0,7,0,0,685,0,0,0,0,0,0,0,0,0,0,0,0,0,0,0,0,0,0,0,0,0,0,0,0,0,0,0,0,0,0,0,0,0,0,0,0,0,0,0,0,0,0,0,0,121,0,0,0,0,9,0,0,0,0,0,0,0,0,0,0,0,0,0,0,0,0,0,0,0,0,0,0,0,0,0,253,0,0,0,0,0,0,0,0,0,0,0,0,0,0,0,0,0,0,0,0,0,0,0,0,0,0,0,0,0,0,17,0,0,0,0,0,0,0,0,0,0,0,7,0,0,0,0,0,0,0,0,0,0,0,0,0,0,0,0,0,0,0,0,0,0,0,0,0,0,0,0,0,956,0,0,0,5,0,0,0,0,0,0,0,0,0,0,0,715,0,0,171,0,0,0,0
spool2,4720,366,0,0,777,0,0,0,0,0,0,0,0,447,52,585,0,0,0,0,0,191,0,2258,0,96,0,0,0,0,0,0,0,204,0,0,1013,0,0,0,517,120,0,0,967,0,0,0,0,0,0,0,906,0,0,144,0,0,0,0,0,0,0,0,84,0,0,0,0,348,0,0,0,0,0,0,0,0,472,0,0,0,0,0,594,0,0,0,130,36,0,716,67,186,0,0,0,0,0,0,0,0,17,0,0,224,0,0,0,0,0,0,0,19,0,241,0,0,0,0,0,0,0,0,0,0,0,0,141,32,0,0,0,153,0,0,0,0,0,0,0,165,0,0,0,63,0,0,0,0,0,0,0,0,0,0,0,0,0,0,128,0,0,0,32,0,0,1722,0,0,0,0,0,0,0,0,0,124,0,0,0,0,0,0,0,0,0,0,0,2876,0,0,0,0,0,0,0,0,0,0,0,115,0,0,0,81,0,24,0,0,0,226,0,0,0,0,121,0,0,0,0,0,1145,173,114,0,0,15,12,0,0,0,122,0,2048,0,190,0,0,0,0,49,0,208,162,0,0,0,0,0,0,21,36,0,0,0,0,37,0,0,0,0,0,0,6,0,0,0,95,92,0,11,0,0,0,0,0,0,0,0,0,0,0,60,0,0,0,60,0,0,0,0,0,0,0,0,0,0,0,0,0,0,0,0,0,0,0,0,0,0,0,0,22,49,0,71,0,0,0,0,0,0,0,0,0,0,0,0,16,0,57,0,0,0,2428,0,0,0,0,0,0,0,0,0,0,3341,0,0,0,0,0,0,0,0,0,0,680,0,0,0,0,0,0,0,0,0,10,0,0,0,0,0,0,0,0,0,0,0,119,0,0,0,0,0,97,0,0,0,0,0,0,0,0,0,0,0,0,0,0,0,0,0,0,0,0,0,0,0,0,0,0,0,0,0,0,0,0,0,0,0,0,0,0,0,0,0,0,30,0,0,0,0,0,0,0,0,0,0,0,0,36,0,20,0,1082,228,0,28,0,0,0,0,0,0,0,0,0,0,14,35,0,0,0,0,0,0,21,0,0,11,18,0,0,0,0,0,0,0,0,0,0,0,0,0,0,0,0,0,0,0,0,0,0,0,0,0,0,0,0,0,0,0,7,0,0,0,0,0,0,0,0,2835,0,0,0,0,0,0,0,0,0,0,0,0,0,21,0,0,0,0,0,0,0,239,0,7,0,17,0,0,0,0,0,0,0,21,0,14,0,0,0,0,0,19,0,1401,0,0,0,0,8,0,0,16,0,0,0,0,0,0,0,0,0,9,12,22,0,0,0,0,0,0,0,0,0,0,0,0,0,0,0,0,0,0,0,0,0,0,0,0,0,0,0,0,0,6,0,0,0,0,0,0,0,9,0,0,0,7,6,0,0,10,0,0,0,0,0,0,0,0,26,0,0,123,0,0,0,0,0,0,0,0,0,0,0,0,0,0,0,0,0,0,0,8,0,234,0,0,0,0,0,0,0,16,0,0,0,2140,8,0,0,0,0,0,0,0,0,0,0,0,0,7,0,0,0,0,0,5,0,0,0,0,0,0,0,0,0,0,0,0,0,0,0,0,0,0,0,0,0,0,0,0,0,0,0,0,0,0,0,0,0,0,0,0,0,6,0,0,0,0,10,0,0,624,0,0,0,0,0,0,0,0,0,0,0,0,0,0,21,6,0,0,0,0,0,0,0,0,0,0,0,0,0,0,0,0,0,0,0,0,0,0,0,0,0,0,0,0,72,0,0,0,0,0,0,0,0,0,0,0,0,0,0,0,0,0,0,0,0,0,0,0,0,0,0,0,0,0,0,2001,0,0,0,0,0,0,0,0,0,0,6,0,0,0,0,0,0,0,0,0,0,0,0,0,0,0,0,0,0,0,15,0,0,0,0,6,0,0,0,0,0,0,5,0,0,0,0,0,0,0,0,0,5,0,0,0,0,0,0,0,0,0,0,0,0,0,0,0,0,0,0,0,860,0,0,0,0,0,0,0,0,0,0,0,0,0,5,0,614,0,0,142,0,1243,0,0
spool3,3428,352,0,0,522,0,0,0,0,0,0,0,0,325,58,439,0,0,0,0,0,153,0,1578,0,45,0,0,0,0,0,0,0,213,7,0,684,0,0,0,398,110,0,0,632,0,0,0,0,0,0,0,632,0,0,134,0,0,0,0,0,0,0,0,70,0,0,0,0,269,0,0,0,0,0,0,0,0,340,0,0,0,0,0,425,0,0,0,107,21,0,452,66,116,0,0,0,0,0,0,0,0,10,0,0,165,0,0,0,0,0,0,0,19,0,201,0,0,0,0,0,0,0,0,0,0,0,0,104,24,0,0,0,117,0,0,0,0,0,0,0,105,0,0,0,42,0,0,0,0,0,0,0,0,0,0,7,0,0,0,96,0,0,0,30,0,0,1282,0,0,0,0,0,0,0,0,0,83,0,0,0,0,0,0,0,0,0,0,0,1931,0,0,0,0,0,0,0,0,0,0,0,83,0,0,0,84,0,26,0,0,0,133,0,0,0,0,109,0,0,0,0,0,803,114,127,0,12,19,14,0,0,0,72,0,1378,0,137,5,0,0,0,35,0,132,98,0,0,0,0,0,0,13,18,0,0,0,0,30,0,0,0,0,0,0,0,0,0,0,82,64,0,6,0,0,0,0,0,0,0,0,0,0,0,36,0,0,0,52,0,0,0,0,0,0,0,0,0,0,0,0,0,0,0,0,0,0,0,0,0,0,0,0,7,25,0,40,0,0,0,0,0,0,0,0,0,0,0,0,8,0,41,0,0,0,1744,0,0,0,0,0,0,0,0,0,0,2188,0,0,0,0,0,0,0,0,0,0,485,0,0,0,0,0,0,0,0,0,6,0,0,0,0,0,0,0,0,0,0,0,79,0,0,0,0,0,49,0,0,0,0,0,0,0,0,0,0,0,0,0,0,0,0,0,0,0,0,0,0,0,0,0,0,0,0,0,0,0,0,0,0,0,0,0,0,0,0,0,0,31,0,0,0,0,0,0,0,0,0,0,0,0,20,0,11,0,865,165,0,17,0,0,0,0,0,0,0,0,0,0,24,18,0,0,0,0,0,0,14,0,0,7,20,0,0,0,0,0,0,0,0,0,0,0,0,0,0,0,0,0,0,0,0,0,0,0,0,0,0,0,0,0,0,0,9,0,0,0,0,0,0,0,0,2116,0,0,0,0,0,0,0,0,0,0,0,0,0,11,0,0,5,0,0,0,0,154,0,5,0,5,0,0,0,0,0,0,0,10,0,15,0,0,0,0,0,17,0,1031,0,0,0,0,5,0,0,12,0,0,0,3670,0,0,0,0,0,9,0,21,0,0,0,0,0,0,0,0,0,0,0,0,0,0,0,0,0,0,0,0,0,0,0,0,0,0,0,0,0,0,0,0,0,0,0,0,0,0,0,0,0,6,0,0,0,8,0,0,0,0,0,0,0,0,18,0,0,85,0,0,0,0,0,0,0,0,0,0,0,0,0,0,0,0,0,0,0,6,0,156,0,0,0,0,0,0,0,14,0,0,0,1396,7,0,0,0,0,0,0,0,0,0,0,0,0,12,0,0,0,0,0,0,0,0,0,0,0,0,0,0,0,0,0,0,0,0,0,0,0,0,0,0,0,0,0,0,0,0,0,0,0,0,0,0,0,0,0,0,0,5,0,0,0,0,0,0,0,402,0,0,0,0,0,0,0,0,0,0,0,0,0,0,8,0,0,0,0,0,0,0,0,0,0,0,0,0,0,0,0,0,0,0,0,0,0,0,0,0,0,0,0,0,46,0,0,0,0,0,0,0,0,0,0,0,0,0,0,0,0,0,0,0,0,0,0,0,0,0,0,0,0,0,0,1357,0,0,0,0,0,0,0,0,0,0,0,0,0,0,0,0,0,0,0,0,0,0,0,0,0,0,5,0,0,0,9,0,0,0,0,0,0,0,0,0,0,0,0,0,0,0,0,0,0,0,0,0,5,0,0,0,0,0,0,0,0,0,0,0,0,0,0,0,0,0,0,6,528,0,0,0,0,0,0,0,0,0,0,0,0,0,7,0,415,0,0,114,0,1000,0,0
spool4,2045,159,0,0,285,0,0,0,0,0,0,0,0,202,30,168,1550,0,0,0,0,70,0,955,0,34,0,0,0,2757,0,0,2629,97,0,0,351,0,0,0,250,40,0,0,341,0,0,0,0,0,0,0,265,0,0,52,0,0,0,0,0,0,0,0,44,0,0,0,0,103,0,0,0,0,0,0,0,0,143,0,0,0,0,0,175,0,0,0,45,10,0,234,29,56,0,0,0,0,1382,0,0,0,0,0,0,98,0,0,0,0,0,0,0,0,0,64,0,0,0,1124,0,0,0,0,0,0,0,0,52,13,0,0,0,71,0,0,0,0,0,0,0,40,0,0,0,31,0,0,0,0,0,0,0,0,0,0,5,0,0,0,49,0,0,0,19,0,0,603,0,0,0,0,0,0,0,0,0,47,0,0,0,0,0,0,0,0,0,0,0,893,0,0,0,0,0,0,0,0,0,0,0,50,0,0,0,41,0,17,0,0,0,86,0,0,0,0,49,0,0,0,0,0,438,44,31,0,13,0,7,0,0,0,40,0,742,0,86,0,0,0,0,23,0,66,48,0,0,0,0,0,0,0,0,0,0,0,0,21,0,0,0,0,0,0,0,0,0,0,35,44,0,6,0,0,0,0,0,0,0,0,0,0,0,16,0,0,0,24,0,9575,0,0,0,0,0,0,0,0,0,0,0,0,0,0,0,0,0,0,0,0,0,0,5,11,0,25,0,0,0,0,0,0,0,0,0,0,0,0,0,0,14,0,0,0,851,0,0,0,0,0,0,0,0,0,0,1044,0,0,0,0,0,0,0,0,0,0,221,0,0,0,0,0,0,0,0,0,7,0,0,0,0,0,0,0,0,0,0,0,38,0,0,0,0,0,27,0,0,0,0,0,0,0,0,0,0,0,0,0,0,0,0,0,0,0,0,0,0,0,0,0,0,0,0,0,0,0,0,0,0,0,0,0,0,0,0,0,0,17,0,0,0,0,0,0,0,0,0,0,0,0,12,0,7,0,501,83,0,0,0,0,0,0,0,0,0,0,0,0,0,0,0,0,0,0,0,0,0,0,0,8,5,0,0,0,0,0,0,0,0,0,0,0,0,0,0,0,0,0,0,0,0,0,0,0,0,0,0,0,0,0,0,0,0,0,0,0,0,0,0,0,0,964,0,0,0,0,0,0,0,0,0,0,0,0,0,8,0,0,0,0,0,0,0,82,0,0,0,0,0,0,0,0,0,0,0,7,0,14,0,0,0,0,0,5,0,595,0,0,0,0,0,0,0,6,0,0,0,1820,0,0,0,0,0,9,0,21,0,0,0,0,0,0,0,0,0,0,0,0,0,0,0,0,0,0,0,0,0,0,0,0,0,0,0,0,0,0,0,0,0,0,0,0,0,0,0,0,0,0,0,0,0,0,0,0,0,0,0,0,0,0,5,133,0,51,0,0,0,0,0,0,0,0,0,0,0,0,0,0,0,0,0,0,0,0,0,46,0,0,0,0,0,0,0,6,0,0,0,670,6,0,0,0,0,0,0,0,0,0,0,0,0,0,0,0,0,0,0,0,0,0,0,0,0,0,0,0,0,0,0,0,0,0,0,0,0,0,0,0,0,0,0,0,0,0,0,0,0,0,0,0,0,0,0,0,0,0,0,0,0,0,6,0,0,186,0,0,0,0,0,0,0,0,0,0,0,0,0,0,0,0,0,0,0,0,0,0,0,0,0,0,0,0,0,0,0,0,0,0,0,0,0,0,0,0,0,0,0,0,20,0,0,0,0,0,0,0,0,0,0,0,0,0,0,0,0,0,0,0,0,0,0,0,0,0,0,0,0,0,0,759,0,0,0,0,0,0,0,0,0,5,0,0,0,0,0,0,0,0,0,0,0,0,0,0,0,0,0,0,0,0,528,0,0,0,0,0,0,0,0,0,0,0,0,0,0,0,0,0,0,0,0,0,0,0,0,0,0,0,0,0,0,0,0,0,0,0,0,0,0,19,0,0,250,0,0,0,0,0,0,0,0,0,0,0,0,0,0,0,139,0,0,48,0,480,0,0
spool1,8156,21,0,0,0,0,0,0,0,11,0,0,532,643,113,181,0,0,0,73,0,81,0,1940,0,0,0,6,0,0,0,0,0,192,0,0,0,10,130,0,0,146,0,0,0,0,0,694,0,0,771,778,0,0,0,186,0,0,33,0,0,0,0,0,90,0,0,0,0,0,0,0,0,76,0,0,0,136,0,0,0,190,0,107,30,0,0,0,82,0,0,117,44,0,0,18,0,0,0,0,0,0,40,0,0,296,5,0,0,0,0,0,0,110,0,45,0,0,0,0,0,0,0,0,0,0,212,0,87,248,0,0,0,0,0,0,0,404,0,0,0,141,12,0,0,1709,0,0,9,16,0,0,0,0,0,313,0,141,0,0,130,78,0,0,36,0,299,193,0,245,0,0,0,5,0,0,0,0,0,0,103,0,0,0,0,0,0,39,0,0,0,0,0,0,163,253,0,0,0,0,0,0,0,0,0,0,49,29,0,0,0,108,0,0,0,0,17,0,181,0,0,0,1107,259,0,0,0,0,0,0,0,0,0,0,0,160,69,24,0,0,30,43,0,0,22,0,0,0,0,0,0,168,9,0,0,0,2340,45,0,0,0,5,0,0,28,0,0,0,58,0,0,0,0,29,0,0,0,164,0,0,137,0,0,0,0,0,0,22,0,0,19,128,25,0,0,155,0,0,0,0,0,0,6,0,0,152,0,0,144,0,136,0,0,6,0,0,0,0,0,0,0,0,0,0,0,0,9,0,0,0,0,0,0,1801,0,0,0,124,0,0,0,68,0,0,0,0,0,0,0,102,0,0,0,0,0,35,81,0,0,0,0,0,0,0,0,0,0,0,0,0,24,0,0,0,0,0,0,0,93,22,0,0,0,0,7,0,0,0,0,0,0,0,0,0,0,0,0,0,0,0,21,0,0,0,0,72,72,0,85,0,0,0,0,0,0,0,0,0,40,0,0,0,0,0,76,0,0,18,0,0,30,0,0,0,0,9,0,0,0,0,0,0,10,0,1580,889,0,0,0,0,0,0,0,0,81,15,0,0,0,0,0,0,0,45,0,0,0,0,0,0,5,48,0,41,0,0,0,0,0,0,0,0,0,0,47,0,0,0,0,0,0,0,42,0,0,41,0,10,0,0,0,0,0,0,0,0,51,0,0,0,0,0,0,31,0,0,0,0,0,39,0,0,591,0,32,0,0,0,0,0,0,0,0,614,0,0,0,23,0,0,0,0,28,0,0,0,0,0,0,0,0,0,0,0,0,0,0,0,0,6,0,0,0,0,0,0,0,0,17,0,0,0,12,0,0,0,0,0,5,0,0,26,0,15,0,0,0,0,0,5,0,0,0,0,0,0,0,10,29,0,0,0,0,0,0,0,0,18,19,25,0,0,0,0,0,0,9,0,0,0,0,0,0,16,0,0,0,0,0,0,0,0,0,38,0,0,0,0,0,0,0,17,0,0,0,0,0,0,0,18,0,0,0,15,0,303,0,0,0,0,0,15,0,0,0,0,0,0,0,0,0,22,0,0,0,0,0,14,0,0,15,0,0,0,0,0,0,0,0,0,0,0,0,0,0,0,0,0,0,0,0,0,0,0,16,0,0,12,0,0,0,0,0,0,0,0,0,8,0,13,0,0,0,0,0,0,0,0,0,0,0,0,0,0,0,0,0,0,9,0,0,0,0,0,0,0,0,0,0,0,0,0,13,0,0,0,0,0,0,0,0,0,6,0,0,0,0,0,0,0,0,0,0,0,0,0,0,0,152,0,0,0,0,0,7,0,0,0,0,0,0,0,0,0,0,0,0,0,0,0,0,0,0,17,0,0,0,0,0,53,0,0,0,0,0,0,0,11,622,0,0,0,0,0,0,0,0,0,0,0,0,0,0,0,0,0,0,0,0,0,0,0,0,5,0,0,0,0,0,0,1281,0,0,0,0,0,0,0,0,6,0,0,0,0,0,0,0,0,0,0,0,0,0,0,0,0,0,0,0,0,0,0,0,0,0,13,0,0,0,0,8,0,0,0,0,0,0,0,0,0,404,0,0,0,0,0
spool2,13234,42,0,0,0,0,0,1667,1753,0,0,0,312,602,107,95,0,0,0,48,0,31,0,3453,0,0,0,7,0,0,0,0,0,74,0,0,61,0,80,0,0,84,0,0,0,0,0,428,0,0,535,491,0,0,0,133,0,0,22,0,0,0,0,0,79,0,0,0,0,0,0,0,0,33,0,0,0,98,0,0,0,94,0,56,15,0,0,0,95,669,0,249,48,0,0,8,0,0,0,0,0,0,59,0,0,153,0,0,0,0,34,32,0,43,0,15,0,0,0,0,0,0,0,0,0,0,89,306,36,291,0,0,0,0,0,0,0,215,0,329,0,56,0,0,0,2154,0,0,10,17,0,0,0,309,0,179,0,104,419,0,61,28,15,0,23,0,172,169,0,240,0,0,0,0,0,0,0,0,0,45,48,0,0,0,0,0,0,8,0,0,0,0,0,0,101,131,0,0,0,0,0,0,0,0,0,0,20,19,0,0,0,101,0,267,0,0,0,0,120,0,0,0,621,113,0,0,0,0,0,0,0,0,0,0,0,110,32,18,68,0,13,33,0,0,24,0,0,0,0,0,0,92,5,0,0,0,2449,25,0,0,0,0,0,0,6,0,0,0,21,0,0,0,0,15,170,0,0,102,0,0,117,0,0,0,176,0,0,12,0,0,5,85,11,0,0,79,0,0,0,0,0,0,5,0,0,73,0,0,62,0,37,0,0,5,0,0,0,0,0,0,0,0,0,0,0,0,0,0,0,0,0,0,0,1606,0,0,0,52,0,0,0,29,0,0,0,0,0,0,0,49,0,0,0,0,0,12,42,0,0,0,0,0,0,0,0,0,18,0,113,0,13,0,189,0,0,0,0,0,52,5,0,0,0,19,0,0,0,0,0,0,0,0,0,46,0,0,0,0,0,0,10,0,98,26,0,18,23,0,27,48,0,0,0,6,0,0,0,0,9,0,0,0,125,0,27,0,45,11,5,0,14,0,0,0,0,0,0,0,0,0,0,0,11,0,1405,546,0,0,0,0,0,0,0,0,42,11,9,0,0,0,0,0,0,22,0,0,0,0,0,0,0,20,0,26,0,0,0,0,0,0,0,0,0,0,26,44,0,0,0,0,0,0,29,0,0,16,0,7,0,0,0,0,13,0,0,0,23,0,0,0,0,0,0,12,0,0,0,0,0,9,0,0,337,0,17,0,0,0,0,0,0,0,0,599,0,6,0,15,0,0,0,0,23,0,0,0,0,0,0,0,0,0,0,0,0,1839,0,0,0,0,13,0,0,0,0,0,0,0,9,0,0,0,0,0,0,0,0,0,0,0,0,13,0,11,0,0,0,0,0,0,0,0,0,0,0,0,0,9,14,0,0,0,0,0,0,0,0,8,6,0,0,0,0,0,0,0,7,0,0,0,0,8,0,9,0,0,0,0,0,0,0,0,0,32,13,0,0,0,0,0,0,8,0,0,0,0,0,0,0,8,0,0,0,15,0,189,0,0,0,0,0,5,0,0,0,0,0,0,0,0,0,7,0,0,0,0,0,5,0,0,7,0,0,0,0,0,0,0,0,0,0,0,0,0,0,0,0,0,41,0,0,10,0,0,10,0,0,6,0,0,0,0,0,0,0,0,0,8,0,0,0,0,0,0,0,0,0,0,0,0,0,0,0,0,0,0,0,0,7,0,0,0,0,0,0,0,0,0,0,0,0,0,0,0,0,0,0,0,0,0,0,6,0,0,0,0,0,0,0,0,0,0,0,0,0,0,0,0,58,0,0,0,0,0,0,0,0,0,0,0,0,0,0,0,0,9,0,0,0,0,0,0,0,6,0,0,0,0,0,33,0,0,0,0,0,0,0,6,396,0,0,0,0,0,6,0,0,0,0,92,0,0,0,0,0,0,0,0,0,0,0,0,0,0,0,0,0,0,0,0,1374,0,0,0,0,0,0,0,0,0,0,0,0,0,0,0,0,0,0,0,0,0,0,0,0,0,0,0,0,0,0,0,0,0,0,0,0,0,0,0,8,0,0,0,0,0,0,0,0,0,227,0,0,0,0,0
spool3,5607,39,0,0,0,0,0,647,535,0,0,0,314,203,86,41,0,0,0,16,0,15,0,1561,0,0,214,0,0,0,0,0,0,45,589,0,58,0,27,0,0,34,0,0,0,0,0,195,0,0,187,199,0,0,0,69,0,0,5,0,0,683,0,0,44,0,0,0,0,0,0,0,0,16,0,0,0,62,0,0,0,54,0,15,0,0,0,0,35,264,0,109,20,0,0,0,0,0,0,0,0,0,108,0,0,73,0,0,0,0,13,31,0,11,0,5,0,0,0,0,0,0,0,0,306,0,52,152,22,120,0,0,0,0,0,0,0,77,0,151,0,16,0,0,0,863,0,0,0,0,0,0,0,175,350,71,370,42,176,0,20,17,0,0,9,0,55,90,0,91,0,0,328,0,0,0,0,0,0,27,12,0,234,0,0,0,0,0,0,0,0,0,0,7,43,71,0,0,0,0,0,0,0,0,0,0,18,27,0,0,0,24,7,89,0,0,0,0,56,0,0,0,225,53,0,0,0,0,0,46,0,0,0,0,0,44,8,7,19,0,0,13,0,0,12,114,0,0,0,0,0,37,0,0,0,0,1120,23,47,0,0,0,0,0,9,0,0,0,6,0,0,0,0,6,92,0,0,41,0,0,59,0,0,0,81,0,0,0,0,0,0,43,0,0,0,30,0,0,0,0,0,0,0,0,0,37,0,0,20,0,26,0,0,0,0,0,0,0,0,0,0,0,0,0,0,0,0,0,0,0,0,0,0,669,0,0,0,23,0,0,0,15,0,0,0,0,0,0,0,19,0,0,0,0,0,7,22,0,0,0,0,0,0,0,0,0,6,0,39,0,5,0,77,0,0,0,0,0,25,0,0,0,0,17,0,0,0,0,0,0,0,0,0,46,0,0,0,0,0,0,0,0,32,12,0,24,10,0,17,47,0,0,0,7,0,0,0,0,7,0,0,0,615,0,14,0,33,0,6,0,11,0,0,0,0,0,0,0,0,0,0,0,0,0,532,204,0,0,0,0,0,0,0,0,12,10,62,0,0,0,0,0,5,8,0,0,0,0,0,0,0,10,0,18,0,0,0,0,0,0,0,50,0,0,7,19,0,0,0,0,0,0,9,0,0,5,0,0,0,0,0,0,5,0,0,0,8,0,0,0,0,0,0,0,0,0,0,8,0,0,0,0,163,0,6,0,0,0,0,0,0,0,0,244,0,0,0,6,0,0,0,0,0,0,0,0,0,0,0,0,0,0,0,0,0,1554,0,0,0,0,6,0,0,0,0,0,0,160,8,0,0,0,5,0,0,0,0,0,0,0,0,6,0,0,0,0,0,0,0,0,0,0,0,0,0,0,0,0,7,0,0,0,0,20,0,0,0,5,0,0,0,0,7,0,0,0,5,0,0,0,0,7,0,5,0,0,0,0,0,0,0,0,0,10,12,0,0,0,0,0,0,6,0,0,115,0,0,0,0,7,0,0,0,11,0,81,0,0,0,0,0,7,0,0,0,0,0,0,0,0,0,0,0,0,0,0,0,0,0,0,6,0,0,0,0,0,0,0,0,0,0,0,0,0,0,0,0,0,12,0,0,0,0,0,0,0,0,0,0,0,0,0,0,0,0,0,0,0,0,0,0,0,0,0,0,0,0,0,0,0,0,0,0,0,0,0,0,0,0,0,0,0,0,0,0,0,0,0,0,0,0,0,5,0,0,0,0,0,0,0,0,0,0,0,0,0,0,0,0,0,0,0,0,0,0,0,0,0,44,0,0,0,0,0,0,0,0,0,0,0,0,0,0,0,0,0,0,0,0,0,0,0,0,0,0,0,0,0,0,13,0,0,0,0,0,0,0,10,142,0,0,0,0,0,0,0,0,0,0,56,0,0,0,0,0,0,0,0,0,0,0,0,0,0,0,0,0,0,0,0,466,0,0,0,0,0,0,0,0,0,0,0,0,0,0,0,0,0,0,0,0,0,0,0,0,0,0,0,0,0,0,0,0,0,0,0,0,0,0,0,0,0,0,0,0,0,0,0,0,0,92,0,0,0,0,0
spool4,6477,36,0,0,0,0,0,794,632,0,0,0,320,283,77,59,0,0,0,29,0,26,0,1501,0,0,263,0,0,0,0,0,0,41,698,0,79,0,57,0,0,39,0,0,0,0,0,460,0,0,350,363,0,0,0,53,0,0,5,0,0,859,0,0,46,0,0,0,0,0,0,0,0,28,0,0,0,54,0,0,0,64,0,24,9,0,0,0,48,265,0,117,31,0,0,0,0,0,0,0,0,0,87,0,0,92,0,0,0,0,11,23,0,28,0,8,0,0,0,0,0,0,0,0,440,0,50,133,20,159,0,0,0,0,0,0,0,108,0,156,0,43,0,0,0,1022,0,0,6,7,0,0,0,171,435,93,408,50,171,0,16,23,6,0,16,0,104,117,0,122,0,0,339,0,0,0,0,0,0,29,19,0,292,0,0,0,0,8,0,0,0,0,0,5,40,74,0,0,0,0,0,0,0,0,0,0,10,17,0,0,0,35,7,113,0,0,9,0,91,0,0,0,328,60,0,0,0,0,0,54,0,0,0,0,0,76,15,5,40,0,8,11,0,0,16,134,0,0,0,0,0,61,0,0,0,0,1971,22,52,0,0,0,0,0,7,0,0,0,13,0,0,0,0,11,92,0,0,58,0,0,55,0,0,0,95,0,0,5,0,0,5,57,11,0,0,39,0,0,0,0,0,0,5,0,0,55,0,0,37,0,40,0,0,0,0,0,0,0,0,0,0,0,0,0,0,0,0,0,0,0,0,0,0,1128,0,0,0,35,0,0,0,16,0,0,0,0,0,0,0,28,0,0,0,0,0,8,27,0,0,0,0,0,0,0,0,0,14,0,46,0,0,0,81,0,0,0,0,0,28,0,0,0,0,29,0,0,0,0,0,0,0,0,0,55,0,0,0,0,0,0,6,0,40,17,0,24,18,0,20,60,0,0,0,7,0,0,0,0,14,0,0,0,754,0,24,0,34,0,5,0,14,0,0,0,0,0,0,0,0,0,0,0,0,0,659,275,0,0,0,0,0,0,0,0,20,10,96,0,0,0,0,0,0,15,0,0,0,0,0,0,0,17,0,20,0,0,0,0,0,0,0,67,0,0,14,24,0,0,0,0,0,0,8,0,0,14,0,0,0,0,0,0,8,0,0,0,8,0,0,0,0,0,0,13,0,0,0,7,0,21,0,0,152,0,8,0,0,0,0,0,0,0,0,334,0,6,0,14,0,10,0,0,14,0,0,0,0,0,0,0,0,0,0,0,0,1971,0,0,0,0,6,0,0,0,0,0,0,217,8,0,0,0,0,0,0,0,0,0,0,0,0,14,0,7,0,0,0,0,0,5,0,0,0,0,0,0,0,6,8,0,0,0,0,26,0,0,0,6,0,11,0,0,7,0,0,0,6,0,0,0,0,5,0,6,0,0,0,0,0,0,0,0,0,7,13,0,0,0,0,0,0,6,0,0,152,0,0,0,0,6,0,0,0,6,0,128,0,0,0,0,0,0,0,0,0,0,0,0,0,0,0,5,0,0,0,0,0,0,0,0,0,0,0,0,0,0,0,0,0,0,0,0,0,0,0,0,0,0,22,0,0,5,0,0,6,0,0,6,0,0,0,0,0,0,0,0,0,0,0,7,0,0,0,0,0,0,0,0,0,0,0,0,0,0,0,0,0,0,8,0,0,0,0,0,0,0,0,0,0,0,0,0,0,0,0,0,0,0,0,0,0,0,0,0,0,0,0,0,0,0,0,0,0,0,0,0,0,0,69,0,0,0,0,0,0,0,0,0,0,0,0,0,0,0,0,0,0,0,0,0,0,0,0,8,0,0,0,0,0,13,0,0,0,0,0,0,0,9,256,0,0,0,0,0,7,0,0,0,0,65,9,0,0,0,0,0,0,0,0,0,0,0,0,0,0,0,0,0,0,0,615,0,0,0,0,0,0,0,0,0,5,0,0,0,0,0,0,0,0,0,0,0,0,0,0,0,0,0,0,0,0,0,0,0,0,5,0,0,0,0,0,0,0,0,0,0,0,0,0,0,122,0,0,0,0,0
spool1,7148,14,0,0,0,0,0,0,0,0,0,0,15,829,111,0,0,0,0,0,0,0,0,1840,0,0,0,0,0,0,0,0,0,239,0,0,0,0,0,0,0,19,0,0,0,103,0,0,0,0,0,0,0,0,0,523,0,0,285,965,0,0,0,0,136,0,0,0,0,0,0,0,0,0,739,0,0,0,0,467,0,60,0,0,228,0,0,0,102,0,0,10,98,73,0,0,0,0,0,0,0,0,72,0,338,70,0,0,0,0,0,0,69,0,0,0,0,0,0,0,0,297,0,0,0,0,118,0,37,8,0,0,326,0,0,0,0,0,0,0,0,258,377,0,0,65,0,0,0,0,0,0,0,0,0,174,0,151,0,0,0,11,0,0,0,0,0,1606,0,39,0,0,0,0,0,0,0,0,0,0,0,0,0,0,0,0,0,0,0,0,0,0,0,0,0,0,0,0,0,0,0,0,0,208,0,0,0,48,0,0,0,535,0,0,161,0,0,0,0,0,0,147,589,0,74,0,0,0,0,0,0,203,0,0,0,0,29,0,0,0,26,41,237,0,0,0,0,0,0,0,0,0,56,0,0,129,0,0,0,0,0,0,0,0,13,0,0,0,0,0,338,0,0,0,0,0,34,0,0,0,0,137,0,0,0,0,100,0,0,0,0,0,0,0,0,0,0,0,0,0,0,0,0,0,108,0,0,0,0,0,0,0,0,0,0,0,0,0,0,16,0,116,0,0,0,0,0,100,0,0,0,16,0,4036,0,0,0,74,79,0,0,0,0,0,90,0,62,0,0,0,0,7,101,0,0,0,0,0,0,0,0,81,0,0,62,0,0,0,0,0,0,0,0,0,0,0,0,0,0,80,0,0,0,0,0,69,0,0,0,0,0,62,51,0,70,0,0,0,0,62,0,0,0,19,57,0,0,0,0,0,66,0,0,0,0,56,0,7,0,0,0,0,0,0,0,0,0,0,0,0,13,0,12,0,0,21,0,0,0,34,0,0,16,18,504,351,5,0,0,0,0,0,0,0,0,0,0,0,0,0,0,44,0,0,0,0,0,0,0,0,15,0,0,0,0,10,0,0,0,49,0,0,0,0,0,0,0,0,0,0,0,51,0,0,0,0,0,27,0,0,0,0,0,19,0,0,0,0,0,0,0,0,0,0,35,0,0,0,0,0,20,0,0,0,0,0,0,0,0,0,0,0,0,166,0,0,0,13,0,0,0,0,0,14,0,0,0,0,0,0,0,25,0,0,0,0,0,0,0,5,0,0,0,0,0,0,0,0,8,0,0,30,0,12,0,0,0,0,0,0,0,0,0,0,0,0,0,0,0,25,0,0,9,0,0,0,0,0,0,0,0,0,0,0,0,7,0,0,0,0,0,117,0,0,0,0,0,0,0,0,0,0,0,0,0,0,0,0,0,0,0,0,0,260,0,19,0,21,0,0,16,0,0,0,0,0,0,0,0,0,0,0,0,29,0,145,0,0,0,0,0,0,0,12,0,0,0,0,0,0,0,0,0,0,0,0,0,0,0,0,0,0,7,0,0,0,0,0,0,0,0,0,0,0,0,0,0,0,0,0,0,0,0,0,0,0,0,0,0,0,0,0,0,0,0,0,0,0,0,0,0,0,0,0,0,0,0,0,0,0,0,0,0,666,0,0,0,0,0,5,0,0,0,0,0,0,0,0,0,0,0,0,0,0,0,0,0,0,0,0,0,0,0,0,0,0,0,0,10,9,0,0,0,0,0,0,0,0,0,0,0,0,0,5,0,0,0,0,0,0,0,0,0,0,0,0,0,0,0,0,0,0,0,0,0,5,0,0,0,0,0,0,90,0,0,0,0,0,1297,0,0,0,0,0,0,0,0,0,0,0,0,0,0,0,0,0,0,0,0,0,0,0,0,0,0,0,0,0,0,0,0,0,0,0,0,0,0,0,0,0,0,0,0,0,0,0,0,0,0,0,0,0,0,0,0,0,0,0,0,0,0,0,0,0,0,0,0,0,0,0,0,0,0,0,0,0,0,0,0,0,0,0,0,0,0,0
spool2,2674,134,0,0,41,0,1763,0,0,0,0,0,0,399,31,31,17,0,0,0,0,13,0,574,0,6,0,0,1311,18,1188,0,7,73,0,0,27,0,0,0,29,18,0,0,19,15,1150,0,0,0,0,0,11,0,0,70,0,0,70,182,0,0,0,0,28,0,0,0,0,31,0,0,0,0,148,0,0,0,26,389,0,39,0,0,229,0,0,0,36,639,658,14,20,119,0,0,0,0,0,0,0,0,59,0,133,34,0,0,0,0,262,818,32,0,0,20,0,0,0,6,0,155,0,0,0,0,36,0,36,0,0,0,129,6,8444,0,0,0,0,0,487,307,395,0,0,13,217,0,0,0,0,0,0,0,0,43,0,29,0,0,5,101,158,0,0,0,0,811,0,0,0,0,0,0,0,0,0,7,0,0,0,0,0,0,0,0,0,0,0,222,0,0,0,0,0,0,0,0,0,0,0,6,0,142,0,0,0,7,0,0,286,259,0,0,135,0,7,0,0,0,297,91,304,112,24,0,0,0,0,0,0,62,0,0,123,0,27,0,0,0,18,17,39,5,0,0,0,0,0,0,0,0,63,0,0,68,0,0,0,0,0,0,0,0,8,0,0,0,7,0,83,0,0,0,0,0,104,0,0,0,0,43,0,0,0,0,60,0,0,43,0,0,0,0,0,0,0,0,0,0,0,0,0,0,26,0,0,0,0,0,0,0,0,0,119,8,0,0,0,0,0,18,0,0,0,0,0,43,0,0,7,8,0,3025,1477,0,0,36,28,105,0,0,0,0,34,54,30,0,0,0,0,0,22,0,0,0,34,0,0,5,0,51,0,0,26,0,10,0,0,0,0,0,0,0,0,0,0,0,9,16,0,0,0,0,6,26,0,0,0,0,0,16,31,0,22,0,0,0,0,15,0,0,0,8,16,0,0,0,0,0,24,0,0,18,0,31,0,0,0,0,0,83,353,0,0,0,0,6,5,0,9,0,5,0,0,23,0,0,0,23,0,0,5,11,237,117,7,0,0,0,0,0,0,0,0,0,0,0,0,0,5,7,0,0,0,0,0,0,0,0,33,0,0,0,0,0,0,0,0,18,0,0,0,0,0,0,0,0,0,0,0,14,0,0,0,0,0,5,0,0,0,45,0,8,0,0,0,0,0,0,0,28,0,0,10,0,0,0,0,0,18,0,248,0,0,0,0,0,0,0,0,0,0,32,0,0,35,0,0,0,0,0,0,13,0,0,0,0,0,0,0,10,0,0,0,2106,0,0,0,0,7,0,0,0,0,0,0,26,0,0,0,9,0,0,0,0,0,0,0,0,0,0,0,0,0,0,32,0,0,8,0,0,10,0,0,0,0,0,0,0,0,16,0,0,0,0,0,0,0,0,0,135,0,0,0,0,0,0,0,0,0,0,0,0,0,0,0,0,0,20,0,0,0,111,0,7,0,13,0,0,9,0,0,0,0,0,0,0,0,0,0,0,0,6,0,147,0,0,0,0,0,0,0,6,0,0,5146,40,0,6,0,0,0,0,0,0,0,0,0,0,0,6,6,0,0,12,0,0,0,310,0,0,0,0,0,0,0,0,0,0,0,0,0,0,0,0,0,0,0,0,0,0,0,0,0,0,0,0,0,0,0,0,0,0,0,0,0,0,0,0,0,0,21,445,0,12,0,0,0,5,0,0,0,0,0,0,0,0,0,0,0,0,0,0,0,0,0,0,0,0,0,0,0,0,0,0,0,0,0,0,0,0,0,0,0,0,0,0,6,0,0,0,0,0,0,0,0,0,0,0,0,0,0,0,0,0,0,0,0,0,0,0,0,0,0,0,0,0,0,39,0,0,10,0,0,0,0,0,597,0,0,0,0,0,0,0,0,0,0,0,0,0,0,0,0,0,0,0,0,0,0,0,0,0,0,0,0,0,0,0,0,0,0,0,0,0,0,0,0,0,0,0,0,0,0,0,0,0,0,0,0,0,0,0,0,0,0,0,0,0,0,0,58,0,0,0,0,0,0,0,0,0,0,0,0,0,0,0,53,0,0,7,0,18,0,0
spool3,3873,53,0,0,0,0,1108,0,0,0,0,0,5,585,48,0,0,0,0,0,0,0,0,615,0,0,0,0,820,0,804,0,0,108,296,0,79,39,0,0,0,12,0,0,0,23,694,0,0,0,0,0,0,0,0,125,0,0,125,310,0,0,0,0,32,0,0,0,0,0,0,0,0,0,316,0,0,0,0,269,0,23,0,0,100,0,0,0,31,402,484,0,14,70,0,0,0,0,0,0,0,0,97,0,97,28,0,0,0,0,140,568,63,0,0,0,0,0,0,0,0,251,0,0,0,0,39,0,42,7,0,0,198,0,5821,0,0,0,0,0,308,207,407,0,0,15,674,0,0,0,0,0,0,0,0,81,1547,50,0,631,0,72,109,0,0,0,0,454,0,28,0,0,0,0,0,0,0,0,0,367,0,0,0,0,0,0,0,0,0,0,0,0,0,5,0,0,0,0,0,0,0,0,0,114,0,0,0,8,0,0,184,333,0,0,105,403,0,0,0,0,207,145,328,78,20,0,0,0,0,0,0,104,0,0,0,0,30,0,0,0,35,16,87,0,0,677,0,0,0,0,0,0,52,0,0,82,0,0,0,0,0,0,0,0,14,0,0,0,0,0,102,0,0,0,0,0,113,0,0,0,0,75,0,0,0,0,75,0,282,0,0,0,0,0,0,0,0,0,0,0,0,0,0,0,54,0,0,0,0,0,0,0,0,0,74,0,0,0,0,17,0,49,0,0,0,0,0,87,0,0,0,8,0,2067,835,0,0,41,63,75,0,0,0,0,62,0,51,0,0,0,0,0,40,0,0,0,0,0,0,0,0,27,0,0,37,0,5,0,0,0,0,0,0,0,0,0,0,0,0,38,0,0,0,0,0,46,0,0,0,0,0,22,41,0,33,0,0,0,0,37,60,0,0,7,28,0,0,0,0,0,35,0,0,0,0,25,0,0,0,0,0,55,1025,0,0,0,0,0,9,0,13,0,6,0,0,0,0,0,0,45,0,0,7,16,218,167,0,0,0,0,0,0,0,0,0,0,0,0,0,0,0,15,13,0,0,0,0,0,0,0,20,0,0,0,0,0,0,0,0,17,0,0,0,0,0,0,0,0,0,0,0,17,0,0,0,0,0,12,0,0,0,24,7,15,0,0,0,0,0,0,0,0,0,0,27,0,0,0,0,0,16,0,170,0,0,0,0,0,0,0,0,0,0,63,0,0,33,8,0,12,0,0,0,14,0,0,0,0,0,0,0,12,0,0,0,1794,0,0,0,0,0,0,0,0,0,0,0,0,0,0,0,16,0,0,0,0,0,0,0,0,0,0,0,0,0,0,22,0,0,11,0,0,0,0,0,0,0,0,0,0,0,14,0,0,0,0,0,0,0,0,0,73,0,0,9,0,0,0,0,0,0,0,0,0,0,0,0,0,0,28,0,0,0,157,9,8,0,8,0,0,10,0,0,0,0,0,0,0,0,0,5,0,0,10,0,116,0,0,0,0,0,0,0,0,0,0,3396,0,0,0,0,0,31,27,0,0,0,0,0,0,0,0,10,0,0,12,0,0,0,215,0,0,0,0,0,0,0,0,0,0,0,0,0,0,0,0,0,0,0,0,0,0,0,0,0,19,0,6,0,0,0,0,0,0,0,0,0,0,0,0,0,0,9,282,0,17,5,0,0,7,0,0,0,0,0,0,0,0,0,0,0,0,0,0,0,0,0,0,0,0,0,0,0,0,0,0,0,0,12,0,0,0,0,0,0,0,0,0,0,0,0,21,0,0,0,0,0,0,0,91,0,0,0,0,0,0,0,0,0,0,0,0,0,0,0,0,0,0,0,0,0,0,29,0,0,0,0,0,420,0,0,0,0,0,0,0,0,0,0,483,0,0,0,0,0,0,0,0,0,0,0,0,0,0,0,0,0,0,0,0,0,0,0,0,0,0,0,0,0,0,0,0,0,0,0,0,0,0,0,0,0,0,0,0,0,0,0,0,0,0,0,0,0,0,0,0,0,0,0,0,0,0,0,0,0,0,0,0,0,0,0,0,0,0,0,0
spool4,1300,38,0,0,0,0,429,0,0,0,0,0,0,216,18,0,0,0,0,0,0,0,0,242,0,0,0,0,354,0,359,0,0,46,89,0,27,97,0,0,0,0,0,0,0,14,238,0,0,0,0,0,0,0,0,42,0,0,59,128,0,0,0,0,20,0,0,0,0,0,0,0,0,0,101,0,0,0,0,96,0,17,0,0,41,0,0,0,16,149,185,0,10,19,0,0,0,0,0,0,0,0,39,0,42,21,0,0,0,0,43,232,16,0,0,0,0,0,0,645,0,58,1078,0,0,0,14,0,10,0,0,0,68,0,2098,0,0,0,0,0,130,66,122,0,0,5,217,0,0,0,0,0,0,0,0,39,570,14,0,222,0,11,40,0,0,0,0,162,0,6,0,0,0,0,0,0,0,0,0,78,0,0,0,0,0,0,0,0,0,0,0,0,0,8,0,0,0,0,0,0,0,0,0,37,0,0,0,5,0,0,70,115,0,0,38,149,0,0,0,0,62,37,138,28,9,0,0,0,0,0,0,36,0,0,0,0,7,0,0,0,0,5,25,0,0,196,0,0,0,0,0,0,11,0,0,28,0,0,0,0,0,0,0,0,11,0,0,0,0,0,47,0,0,0,0,0,31,0,1083,0,0,33,0,0,0,0,15,0,63,0,0,0,0,0,0,0,0,0,0,0,0,0,0,0,16,0,0,322,0,0,0,0,0,0,35,0,0,0,0,7,0,17,0,0,0,0,0,32,0,0,0,0,0,713,377,0,0,35,13,24,0,0,0,0,17,0,23,0,0,0,0,0,21,0,0,0,0,0,0,0,0,11,0,0,13,0,0,0,0,0,0,0,0,0,0,0,0,0,0,9,0,0,0,0,0,22,0,0,0,0,0,11,13,0,8,0,0,0,0,9,27,0,0,0,11,0,0,0,0,0,12,0,0,0,0,9,0,0,0,0,0,13,690,0,0,0,0,0,6,0,0,0,6,0,0,5,0,0,0,9,0,0,0,5,84,66,0,0,0,0,0,0,0,0,0,0,0,0,0,0,0,12,0,0,0,0,0,0,0,0,0,0,0,0,0,0,0,0,0,11,0,0,0,0,0,0,0,0,0,0,0,10,0,0,0,0,0,0,0,0,0,6,0,8,36,0,0,0,0,0,0,0,0,0,6,0,0,0,0,0,9,0,72,0,0,0,0,0,0,0,0,0,0,31,0,0,10,0,0,0,0,0,0,0,0,0,0,0,0,0,0,6,0,0,0,629,0,0,0,0,0,0,0,0,0,0,0,0,0,0,0,0,0,0,0,0,0,0,0,0,0,0,50,0,0,0,8,0,0,0,0,0,0,0,0,0,0,0,0,0,0,9,0,0,0,0,0,0,0,0,0,20,0,0,67,0,0,0,0,0,0,0,0,0,0,0,0,8,0,10,0,0,0,49,0,0,0,5,0,0,0,0,0,0,0,0,0,0,0,0,0,0,0,0,0,38,0,0,0,0,0,0,0,0,0,0,1351,0,0,0,0,0,0,14,0,0,0,0,0,0,0,0,0,0,0,0,0,0,0,77,0,0,0,0,0,0,0,0,0,0,0,0,0,0,0,0,0,0,0,0,0,0,0,0,0,0,0,0,0,0,0,0,0,0,0,0,0,0,0,0,0,0,0,82,0,5,0,0,0,0,0,0,0,0,0,0,0,0,0,0,0,0,0,0,0,0,0,0,0,0,0,0,0,0,0,0,0,0,0,0,0,0,0,0,0,0,0,0,0,0,0,7,0,0,0,0,0,0,0,39,0,0,0,0,0,0,0,0,0,0,0,0,0,0,0,0,0,0,0,0,0,0,12,0,0,0,0,0,175,0,0,0,0,0,0,0,0,0,0,134,0,0,0,0,0,0,0,0,0,0,0,0,0,0,0,0,0,0,0,0,0,0,0,0,0,0,0,0,0,0,0,0,0,0,0,0,0,0,0,0,0,0,0,0,0,0,0,0,0,0,0,0,0,0,0,0,0,0,0,0,0,0,0,0,0,0,0,0,0,0,0,0,0,0,0,0
spool1,8482,5,0,0,0,0,0,0,0,0,0,0,0,2877,0,0,0,0,0,0,0,0,0,0,0,0,0,94,0,0,0,0,0,0,0,0,0,0,0,0,0,577,0,0,0,0,0,0,0,0,0,0,0,0,0,0,0,0,0,0,0,0,0,0,0,0,0,0,0,0,0,0,0,0,0,0,0,0,0,0,0,0,0,802,0,0,0,0,0,0,0,0,0,0,0,0,0,0,0,63,0,0,0,0,0,0,1476,0,0,0,0,0,0,0,0,0,0,0,0,0,0,0,0,0,0,0,0,0,0,0,0,0,0,0,0,0,0,0,0,0,0,296,0,0,0,27,0,0,0,0,0,0,0,0,0,0,0,0,0,0,0,0,0,20,0,0,0,0,0,0,0,0,0,0,0,0,0,0,0,0,0,0,0,0,0,0,0,0,0,0,0,0,0,0,0,0,0,0,0,0,0,0,0,0,0,0,0,0,0,0,0,4094,0,0,0,0,12,0,0,0,0,0,0,93,0,0,0,0,0,0,0,0,0,0,0,0,0,0,0,0,0,0,0,0,0,0,0,0,0,0,0,0,0,0,0,0,0,0,0,0,0,68,0,0,0,0,0,0,0,0,0,0,0,0,0,0,0,0,0,0,0,0,0,0,0,0,0,0,0,0,0,0,0,0,0,0,0,0,0,0,0,0,0,0,0,0,0,0,0,0,0,0,0,0,0,0,0,0,0,0,0,0,0,0,0,0,0,0,0,0,0,0,0,0,0,0,0,0,0,0,0,0,0,0,0,0,0,0,0,0,0,0,0,0,0,0,3320,0,0,0,0,0,0,0,0,0,0,0,0,0,0,0,0,0,0,0,0,0,0,0,0,0,0,0,0,0,0,0,0,0,0,0,0,0,0,0,0,0,0,0,0,0,0,0,0,0,0,0,0,0,0,0,0,0,0,0,0,0,0,0,0,0,0,0,0,0,0,0,0,49,0,0,0,0,0,0,0,0,0,0,0,0,0,0,12471,0,0,0,0,0,0,0,0,0,0,0,0,0,0,0,0,0,0,0,0,0,0,0,0,0,0,0,0,0,0,0,0,0,0,0,0,0,0,0,0,0,0,0,0,0,0,0,0,0,0,0,0,0,0,0,0,0,0,0,0,0,0,0,0,0,0,0,0,0,0,0,0,0,0,0,0,0,0,0,0,0,0,0,0,0,0,0,0,0,0,0,0,0,0,0,0,0,0,0,0,0,0,0,0,0,0,0,0,0,0,0,0,0,0,0,0,0,0,0,0,0,0,0,0,0,0,0,0,0,0,0,0,0,0,0,0,0,0,0,0,0,0,0,0,0,0,0,0,0,0,0,0,0,0,0,0,0,0,0,0,0,0,0,0,0,0,0,0,0,0,0,0,0,0,0,0,0,0,0,0,0,0,7,0,0,0,0,0,0,0,0,0,0,0,0,0,0,0,0,0,0,0,0,0,0,0,0,0,0,0,0,0,0,0,0,0,0,0,0,0,0,0,0,0,0,0,0,0,0,0,0,0,0,0,0,0,0,0,0,0,0,0,0,0,4911,0,0,15,0,0,0,0,0,0,0,0,0,0,0,0,0,0,0,0,0,0,0,0,0,0,0,0,6,0,0,0,0,0,0,0,0,0,0,43,0,18,0,0,0,0,0,0,0,0,0,0,0,0,0,0,0,0,0,0,0,0,0,0,0,0,0,0,0,0,0,0,0,0,0,0,0,0,0,0,0,0,0,0,0,0,0,0,0,0,0,0,0,0,0,0,0,0,0,0,0,0,0,0,0,0,0,0,0,0,0,0,0,0,0,0,0,0,0,0,0,0,0,0,0,0,0,0,0,0,0,0,0,0,0,0,0,0,0,0,0,0,0,0,0,0,0,0,0,0,0,0,0,0,13,0,0,0,0,0,0,0,0,0,0,0,0,0,0,0,0,0,0,0,0,0,0,0,0,0,0,0,0,0,0,0,0,0,0,0,0,0,0,0,0,0,0,0,0,0,0,0,0,0,0,0,0,0,0,0,0,0,0,0,0,0,0
spool2,7982,26,0,0,0,0,0,0,0,160,0,0,0,3368,10,0,0,0,0,0,0,0,0,0,0,0,0,0,0,0,0,0,0,0,0,0,0,0,0,0,0,196,0,0,0,0,0,0,0,0,0,0,0,0,0,0,0,0,0,0,0,0,0,0,0,0,0,0,0,0,0,0,0,1398,0,0,0,0,0,0,0,0,0,0,0,0,0,0,0,0,0,0,0,0,0,0,0,0,0,0,0,0,0,0,0,0,0,0,0,0,0,0,0,0,0,0,0,0,0,0,0,0,0,0,0,0,0,0,0,0,0,0,0,0,0,0,0,0,0,0,0,256,0,0,0,3957,0,0,0,0,0,0,0,0,0,0,0,0,0,0,0,0,0,0,0,0,0,0,0,0,0,0,0,0,0,0,0,0,0,0,0,0,0,0,0,0,0,0,0,0,0,0,0,0,0,0,0,0,0,0,0,0,0,0,0,0,0,0,0,0,0,385,0,0,0,0,12,0,0,0,0,0,4487,3675,0,0,0,78,0,0,0,0,0,0,0,0,0,0,0,0,0,0,0,0,0,0,0,0,0,0,0,0,0,0,0,0,0,0,0,0,0,0,0,0,0,0,0,0,0,0,0,0,0,0,0,0,0,0,0,0,0,0,0,0,0,0,0,0,0,0,0,0,0,0,0,0,0,0,0,0,0,0,0,0,0,0,0,0,0,0,0,0,0,0,0,0,0,0,0,0,0,0,0,0,0,0,13,0,0,0,0,0,0,0,0,0,0,0,0,0,0,0,0,0,0,0,0,0,0,0,0,0,0,0,0,0,3007,0,0,0,0,0,0,0,0,0,0,0,0,0,0,0,0,0,0,0,0,0,0,0,0,0,0,0,0,0,0,0,107,0,0,0,0,0,0,0,0,0,0,0,0,0,0,0,0,0,0,0,0,0,0,0,0,0,0,0,0,0,0,0,0,0,0,0,0,0,0,0,0,0,0,0,0,0,0,0,0,0,0,0,0,0,0,0,11105,0,0,0,0,0,0,0,0,0,0,0,0,0,0,0,0,0,0,0,0,0,0,0,0,0,0,0,0,0,0,0,0,0,0,0,0,0,0,0,0,0,0,0,0,0,0,0,0,0,0,0,0,0,0,0,0,0,0,0,0,0,0,0,0,0,0,0,0,0,0,0,0,0,0,0,0,0,0,0,0,0,0,0,0,0,0,0,0,0,0,0,0,0,0,0,0,0,0,0,0,0,0,0,0,0,0,0,0,0,0,0,4461,0,0,0,0,0,0,0,0,0,0,0,0,0,0,0,0,0,0,0,0,0,0,0,0,0,0,0,0,0,0,0,0,0,0,0,0,0,0,0,0,0,0,0,0,0,0,0,0,0,0,0,0,0,0,0,0,0,0,0,0,0,0,0,0,0,0,0,0,0,0,6,0,0,0,0,0,0,0,0,0,0,0,0,0,0,0,0,0,0,0,0,0,0,50,0,0,0,0,0,0,0,0,0,0,0,0,0,0,0,0,0,0,0,0,0,0,0,0,0,0,0,0,0,0,0,0,0,0,0,0,0,0,6055,0,0,0,0,0,0,0,0,0,11,0,0,0,0,0,0,0,0,0,0,0,0,0,0,0,0,0,0,0,0,0,0,0,0,0,0,0,0,0,0,0,0,0,0,0,0,0,0,0,0,0,0,0,0,0,0,0,0,0,0,0,0,0,0,0,0,0,0,0,0,0,0,0,7,0,0,0,0,0,0,0,0,0,0,0,0,0,0,0,0,0,0,0,0,0,0,0,0,0,0,0,0,0,0,7,0,0,0,0,0,0,0,0,0,0,0,0,0,0,0,0,0,0,0,0,0,0,0,0,0,0,0,0,0,0,0,0,0,0,0,0,0,0,0,0,0,0,0,0,0,0,0,0,0,0,0,0,0,0,0,0,0,0,0,0,0,0,0,0,0,0,0,0,0,0,0,0,0,0,0,0,0,0,0,0,0,0,0,0,0,0,0,0,0,0,0,0,0,0,0,0,0,0,0,0,0,0,0,0,0,0,0,0,0,0,0
spool3,4243,0,0,0,0,0,0,0,0,70,0,0,10180,930,0,0,0,0,0,0,0,0,0,0,0,0,0,0,0,0,0,0,0,0,2961,0,0,0,0,0,0,36,0,0,0,0,0,0,0,0,0,0,0,0,0,0,0,0,0,0,0,0,0,0,0,0,0,0,0,0,0,0,0,410,0,0,0,0,0,0,0,0,0,558,0,0,0,0,0,0,0,0,0,0,0,118,0,0,0,0,0,0,0,0,0,0,0,0,0,0,0,0,0,0,0,0,0,0,0,0,0,0,0,0,0,0,0,0,0,0,0,0,0,0,0,0,0,0,0,0,0,7,0,0,0,1526,0,0,0,239,0,0,0,0,0,0,0,0,0,0,0,0,0,0,0,0,0,0,0,0,0,0,0,0,0,0,0,0,0,0,0,0,0,0,0,0,0,0,0,0,0,0,0,0,0,0,0,0,0,0,0,0,0,0,0,639,0,0,0,0,0,1022,44,0,0,0,0,0,0,0,0,0,1095,723,0,0,0,0,0,0,0,0,0,0,0,0,0,0,0,0,0,0,0,0,0,0,0,0,0,0,0,0,0,0,0,0,0,0,0,0,0,0,0,0,35,0,0,0,0,0,0,0,0,0,0,0,0,0,0,0,0,0,0,0,0,0,0,0,0,0,0,0,0,0,0,0,0,0,0,0,0,0,0,0,0,0,0,0,0,0,0,0,0,0,0,0,0,0,0,0,0,0,0,0,0,0,0,0,0,0,0,0,0,0,0,0,0,0,0,0,0,0,0,0,0,0,0,0,49,0,0,0,0,0,0,0,13,0,0,0,0,0,0,0,0,0,0,0,0,0,0,0,0,0,0,0,0,0,0,0,0,0,0,0,0,0,0,0,0,0,0,0,0,0,0,0,0,0,0,0,7722,0,0,0,0,0,0,0,0,0,0,0,0,0,0,0,0,0,0,0,0,0,0,0,0,0,0,0,0,37,0,0,0,0,110,0,0,0,0,0,0,0,0,0,6815,0,0,0,0,0,0,0,0,0,0,16,0,0,0,0,0,0,0,0,0,0,0,0,0,0,0,0,0,0,0,0,0,0,0,0,0,0,0,0,0,0,0,0,0,0,0,0,0,0,0,0,0,0,0,0,0,0,0,0,0,0,0,0,0,0,0,0,0,0,0,0,0,0,0,0,0,0,0,0,0,0,0,0,0,0,0,0,0,0,0,0,0,0,0,0,0,0,0,0,0,0,0,0,0,0,0,0,0,0,0,0,1048,0,0,0,0,0,0,0,0,0,0,0,0,0,0,0,0,0,0,0,0,0,0,0,0,0,0,0,0,0,0,0,0,0,0,0,0,0,0,0,0,0,0,0,0,0,0,0,0,0,0,0,0,0,0,0,0,0,0,0,0,0,0,0,0,0,0,0,0,0,0,0,0,0,0,0,0,0,0,0,0,0,0,0,0,0,0,0,0,0,0,0,0,0,0,0,0,0,0,0,0,0,0,0,0,0,0,0,0,0,0,0,0,0,0,0,0,0,0,0,0,0,0,0,0,0,0,0,0,0,0,0,0,570,0,0,0,0,0,0,0,0,0,0,0,0,0,0,0,0,0,0,0,0,0,0,0,0,0,0,0,0,0,0,0,0,0,57,0,0,0,0,0,0,0,0,0,0,0,0,0,0,0,0,0,0,42,0,0,0,0,0,0,0,31,0,0,0,0,0,0,0,0,0,0,0,0,0,0,0,0,0,0,0,0,0,0,0,0,17,0,0,0,0,0,0,0,0,0,0,0,0,0,0,0,0,0,0,0,0,0,0,0,0,0,0,0,0,0,0,0,0,0,0,0,0,0,0,0,0,0,0,0,0,0,0,0,0,0,0,0,0,0,0,0,9,0,0,0,0,0,0,0,0,7256,0,0,0,0,0,18,0,0,0,0,0,0,0,0,0,0,0,0,0,0,0,0,0,0,0,0,0,0,0,0,0,0,0,0,0,0,0,0,0,9,0,0,9,0,0,0,0,0,0,0,0,0,5138,0,0,0,0,0,0,0,0,0,0,0,0
spool4,76,10,0,0,0,0,0,0,0,0,0,0,1204,120,0,0,0,1377,0,0,0,0,0,0,0,0,0,0,0,0,0,0,0,0,102,0,0,0,0,0,0,8,0,0,0,0,0,0,0,0,0,0,0,0,0,0,0,0,0,0,0,0,0,474,0,0,0,0,0,0,0,0,0,0,0,0,0,0,0,0,0,0,0,29,0,0,0,0,0,0,0,0,0,0,0,25,0,0,0,0,0,0,0,0,0,0,0,0,0,0,0,0,0,0,0,0,0,0,0,0,0,0,0,0,0,0,0,0,0,0,0,0,0,0,0,0,0,0,0,0,0,0,0,0,0,48,0,0,97,27,0,0,0,0,0,0,0,0,0,0,0,0,0,0,0,0,0,0,0,0,0,0,0,0,0,0,0,0,2798,0,0,0,0,0,0,0,0,0,0,0,0,0,0,0,0,0,0,0,0,0,0,0,0,0,0,0,0,0,0,0,0,20,0,0,0,0,0,0,0,0,0,0,119,96,0,0,0,0,0,0,0,0,0,0,0,0,0,0,0,0,0,0,0,0,0,0,0,0,0,0,0,0,0,0,0,0,0,0,0,0,0,0,0,0,0,0,0,0,0,0,0,0,0,0,0,0,0,0,2158,0,0,0,0,0,0,0,0,0,0,0,0,0,0,0,0,0,0,0,0,0,612,0,0,0,0,0,0,0,0,0,0,7002,0,0,0,0,0,0,0,0,0,0,0,0,0,0,0,0,0,0,0,0,0,0,0,0,0,0,0,0,0,0,0,0,0,0,0,0,0,0,0,0,0,0,0,0,20,0,0,0,0,0,0,0,0,0,0,2161,0,0,0,0,0,0,0,0,90,0,0,0,0,0,0,0,0,0,0,0,0,2108,0,0,0,0,0,0,0,0,0,0,141,70,0,0,0,0,0,0,0,0,0,0,0,0,29,0,0,0,0,37,0,0,0,0,0,0,0,0,0,0,0,0,0,0,24,0,0,72,0,0,0,0,0,0,481,0,0,0,0,0,39,0,0,0,0,0,0,0,0,0,0,0,0,0,0,0,0,0,0,0,0,0,0,0,0,0,0,0,0,0,69,0,0,0,0,0,0,0,6,0,0,0,0,0,0,0,0,0,0,0,0,0,0,0,0,0,0,0,0,0,0,0,0,0,0,0,0,0,0,0,0,0,0,0,0,0,0,0,0,0,0,0,0,0,0,0,0,0,0,0,0,0,0,0,0,0,0,0,0,0,0,0,0,0,0,0,86,0,0,0,0,0,0,0,24,0,0,0,0,0,0,0,0,0,0,0,0,0,0,0,0,0,0,0,0,0,0,0,0,0,24,0,0,0,0,0,0,0,0,0,0,0,0,0,0,0,0,0,0,0,0,0,0,0,0,0,0,0,0,0,0,0,0,0,0,7,0,0,0,0,0,0,0,26,0,0,0,0,0,0,0,0,0,0,0,0,318,0,0,0,0,0,0,0,0,0,0,0,0,0,38,0,0,0,10,0,0,0,0,0,0,0,0,0,0,0,73,0,0,0,0,0,0,0,0,0,0,0,0,0,0,0,0,0,24,0,0,0,0,0,0,0,12,0,0,0,0,0,0,0,0,0,0,0,0,0,0,0,0,0,0,0,0,0,16,0,0,0,0,0,0,0,0,0,0,0,0,0,0,0,0,0,0,0,0,0,0,0,0,0,5,0,0,0,0,0,0,0,0,0,0,0,0,0,0,0,0,9,0,0,0,0,0,0,0,0,0,0,0,11,0,0,0,0,0,0,0,0,0,0,0,0,0,0,0,0,0,0,0,0,0,0,0,0,0,0,29,0,0,0,15,0,0,0,0,0,0,0,0,0,0,17,0,0,0,0,0,0,0,0,0,0,0,0,0,0,0,0,0,0,471,0,0,0,0,0,0,0,0,0,0,0,0,0,0,0,0,0,0,0,0,0,0,0,0,0,0,0,11,0,0,0,0,18,0,0,0,0,0,0,0,0,0,0,0,0,0,0,0,0,0,0,0,0,0,0,0,0,0,0,0,0,2565,0,0,0
spool4,110,12,0,0,0,0,0,0,0,0,0,0,2288,229,0,0,0,2121,0,0,0,0,0,0,0,0,0,0,0,0,0,0,0,0,287,0,0,5,0,0,0,16,0,0,0,0,0,0,0,0,0,0,0,0,0,0,0,0,0,0,0,0,0,1090,0,0,0,0,0,0,0,0,0,0,0,0,0,0,0,0,0,0,0,22,0,0,0,0,0,0,0,0,0,0,0,68,0,0,0,0,0,0,0,0,0,0,0,0,0,0,0,0,0,0,0,0,0,0,0,0,0,0,0,0,0,0,0,0,0,0,0,0,0,0,0,0,0,0,0,0,0,6,0,0,0,47,0,0,207,41,0,0,0,0,0,0,0,0,0,0,0,0,0,0,0,0,0,0,0,0,0,0,0,0,0,0,0,0,4941,0,0,0,0,0,0,0,0,0,0,0,0,0,0,0,0,0,0,0,0,0,0,0,0,0,0,0,0,0,0,0,0,31,0,0,0,0,0,0,0,0,0,0,196,217,0,0,0,0,0,0,0,0,0,0,0,0,0,0,0,0,0,0,0,0,0,0,0,0,0,0,0,0,0,0,0,0,0,0,0,0,0,0,0,0,0,0,0,0,0,0,0,0,0,0,0,0,0,0,4971,0,0,0,0,0,0,0,0,0,0,0,0,0,0,0,0,0,0,0,0,0,1305,0,0,0,0,0,0,0,0,0,0,10792,0,0,0,0,0,0,0,0,0,0,0,0,0,0,0,0,0,0,0,0,0,0,0,0,0,0,0,0,0,0,0,0,0,0,0,0,0,0,0,0,0,0,0,0,23,0,0,0,0,0,0,0,0,0,0,5697,0,0,0,0,0,0,0,0,102,0,0,0,0,0,0,0,0,0,0,0,0,3298,0,0,0,0,0,0,0,0,0,0,207,92,0,0,0,0,0,0,0,0,0,0,0,0,54,0,0,0,0,38,0,0,0,0,0,0,0,0,0,0,0,0,0,0,17,0,0,118,0,0,0,0,0,0,887,0,0,0,0,0,71,0,0,0,0,0,0,0,0,0,0,0,0,0,0,0,0,0,0,0,0,0,0,0,0,0,0,0,0,0,115,0,0,0,0,0,0,0,12,0,0,0,0,0,0,0,0,0,0,0,0,0,0,0,0,0,0,0,0,0,0,0,0,0,0,0,0,0,0,0,0,0,0,0,0,0,0,0,0,0,0,0,0,0,0,0,0,0,0,0,0,0,0,0,0,0,0,0,0,0,0,0,0,0,0,0,99,0,0,0,0,0,0,0,20,0,0,0,0,0,0,0,0,0,0,0,0,0,0,0,0,0,0,0,0,0,0,0,0,0,29,0,0,0,0,0,0,0,0,0,0,0,0,0,0,9,0,0,0,0,0,0,0,0,0,0,0,0,0,0,0,0,0,0,0,21,0,0,0,0,0,0,0,30,0,0,0,0,0,0,0,0,0,0,0,0,379,0,0,0,6,0,0,0,0,0,0,0,0,0,73,0,0,0,0,0,0,0,0,0,0,0,0,0,0,0,32,0,0,0,0,0,0,0,0,0,0,0,0,0,0,0,0,0,35,0,0,0,0,0,0,0,10,0,0,0,0,0,0,0,0,0,0,0,0,0,0,0,0,0,0,0,0,0,0,0,0,0,0,0,0,0,0,0,0,0,0,0,0,0,0,0,9,0,0,0,0,0,0,0,6,0,0,0,0,0,0,0,0,0,0,0,0,0,0,0,0,23,0,0,0,0,0,0,0,0,0,0,0,26,0,0,0,0,0,8,0,0,0,0,0,0,0,0,0,0,0,0,0,0,0,0,0,0,0,0,52,0,0,0,7,0,0,0,0,0,0,0,0,0,0,13,0,0,0,0,0,0,0,0,0,0,0,0,0,0,0,0,0,0,959,0,0,0,0,0,0,0,0,0,0,0,0,0,0,0,5,0,0,0,0,0,0,0,0,0,0,0,10,0,0,0,0,13,0,0,0,0,0,0,0,0,0,0,0,0,0,0,0,0,0,0,0,0,0,0,0,0,0,0,0,0,1995,0,0,0
spool1,29153,0,0,0,0,0,0,0,0,0,0,0,0,1133,349,0,0,0,0,0,0,0,0,10841,0,0,0,0,0,0,0,0,0,736,0,0,0,0,0,0,0,527,0,0,0,0,0,0,0,0,0,0,0,0,0,0,0,0,0,0,0,0,0,0,584,0,0,0,0,0,0,0,0,0,0,0,0,0,0,0,0,0,0,0,0,0,0,0,622,0,0,0,230,0,0,0,0,0,0,0,0,0,0,0,0,0,0,0,0,0,0,0,0,0,0,0,0,0,0,0,0,0,0,0,0,0,0,0,0,0,0,0,0,0,0,0,0,0,0,0,0,0,0,0,0,0,0,0,0,0,0,0,0,0,0,0,0,473,0,0,0,0,0,0,0,0,0,0,0,0,0,0,0,0,0,0,0,0,0,0,0,0,0,0,0,0,0,0,0,0,0,0,0,0,0,0,0,0,0,0,0,0,0,0,0,0,0,281,0,0,0,0,0,0,0,0,18,0,0,0,0,0,8803,0,0,0,5,0,0,0,8,0,0,0,0,0,0,0,0,0,0,0,0,0,0,0,0,0,0,0,0,0,0,0,0,0,0,0,0,0,0,0,0,0,0,0,0,0,0,0,0,0,0,0,0,0,0,0,0,0,0,0,0,0,0,0,0,0,0,0,125,0,0,0,0,0,0,0,0,0,0,0,0,0,0,0,0,0,0,0,0,0,0,0,0,0,0,0,0,0,0,0,0,0,0,0,0,0,0,0,0,0,0,0,0,0,0,0,0,0,0,0,0,0,0,0,0,0,0,0,0,0,0,0,0,0,0,0,0,0,0,0,0,0,0,0,0,0,0,0,0,0,0,0,0,0,0,0,0,0,0,0,0,0,0,0,0,0,0,0,0,0,0,0,0,0,0,0,0,0,0,0,0,0,0,0,0,0,0,0,0,0,0,0,0,0,0,0,0,0,0,0,0,0,0,0,0,0,0,0,0,0,0,0,0,0,0,0,0,0,0,0,0,0,1800,0,0,0,0,0,0,0,0,0,0,0,0,0,0,0,0,0,0,0,0,0,0,0,0,0,0,0,0,0,0,0,0,0,0,0,0,0,0,0,0,0,0,0,0,0,0,0,0,94,0,0,0,0,0,0,0,0,0,0,0,0,0,0,0,0,0,0,0,0,0,0,0,0,0,0,0,0,0,0,0,0,0,0,0,0,0,0,0,0,0,0,0,0,0,0,0,0,0,0,0,0,0,0,0,0,0,0,0,0,0,0,0,0,0,0,0,0,0,0,0,0,0,0,0,0,0,0,0,0,0,0,0,0,13,0,0,0,0,0,0,0,0,0,0,0,0,0,0,0,0,0,0,0,0,0,0,0,0,0,0,0,0,0,0,0,0,0,0,0,0,0,0,0,0,0,0,0,0,0,0,0,0,0,0,0,0,0,0,0,0,0,0,0,0,0,0,0,0,0,0,0,0,0,0,0,0,0,0,15,0,0,0,0,0,0,0,0,0,0,0,0,0,0,0,0,0,0,0,0,0,0,0,0,0,0,0,0,0,0,0,0,0,0,0,0,0,0,0,0,0,0,0,0,0,15,0,0,0,0,0,0,0,0,0,0,0,0,0,0,0,0,0,15,0,0,0,0,0,0,0,0,0,0,0,0,0,0,0,0,0,0,0,0,0,0,0,0,0,0,0,0,0,0,0,0,0,0,0,0,0,0,0,0,0,0,0,0,0,6,0,0,0,0,0,0,0,0,0,0,0,0,0,0,0,0,0,0,0,0,0,0,0,0,0,0,0,0,0,0,0,0,0,18,0,0,0,0,0,0,0,0,0,0,0,0,0,0,0,0,0,0,0,0,0,0,0,0,0,0,0,0,0,0,0,0,0,0,0,0,0,0,0,0,0,0,0,0,0,0,0,0,0,0,0,0,0,0,0,0,0,0,10,0,0,0,0,0,0,0,0,0,0,0,0,0,0,0,0,0,0,0,0,0,0,0,0,0,0,0,0,0,0,0,0,0,0,0,0,0,0,0,0,0,0,0,0,0,0,0,0,0
spool2,13570,0,0,0,0,0,0,0,0,0,0,0,0,0,339,0,0,0,0,0,0,0,0,4327,0,0,0,0,0,0,0,0,0,0,0,0,0,0,0,0,0,73,0,0,0,0,0,0,0,0,0,0,0,0,0,0,0,0,0,0,0,0,0,0,197,0,1497,0,0,0,0,0,0,0,0,0,0,0,0,0,0,0,0,0,0,0,0,0,223,0,0,0,87,0,0,0,0,0,0,0,0,0,0,0,0,0,0,0,0,0,0,0,0,0,0,0,0,0,0,0,0,0,0,0,0,0,0,0,0,52,0,0,0,0,0,0,0,0,0,0,0,0,0,0,0,1007,0,0,780,0,0,0,0,0,0,0,0,0,0,0,0,42,0,0,175,0,0,0,0,0,0,0,0,0,0,0,0,0,0,0,0,0,0,0,0,0,0,0,0,0,0,0,566,0,224,0,0,0,0,0,0,0,0,0,0,0,0,95,264,0,0,0,0,0,0,0,16,0,0,0,0,0,0,988,0,0,0,0,0,0,0,0,0,0,0,0,0,0,0,0,0,0,0,0,0,0,0,0,0,0,0,0,0,0,0,0,0,0,0,0,0,0,0,0,0,0,0,0,0,0,0,0,0,0,0,0,0,0,0,0,0,0,0,0,0,0,0,0,0,0,160,0,0,0,0,0,0,0,0,0,0,0,0,0,0,0,0,0,0,0,0,0,0,0,0,0,0,0,0,0,0,0,0,0,0,0,0,0,0,0,0,0,0,7391,0,0,0,0,0,0,0,0,0,0,0,0,0,0,0,0,0,0,0,0,0,0,0,0,0,0,0,0,0,0,0,0,0,0,0,0,0,0,0,0,0,0,0,0,0,0,116,0,0,0,0,0,0,0,0,0,0,0,0,0,0,0,0,0,0,0,0,0,0,0,0,0,0,0,0,0,0,0,0,0,0,0,0,0,0,0,0,0,0,0,0,0,0,0,0,0,0,0,0,0,0,8,0,0,0,0,0,0,0,0,0,0,0,0,0,0,0,0,0,0,0,0,0,0,0,0,0,0,0,0,0,0,0,0,0,0,0,0,0,0,0,0,0,0,0,0,0,0,0,0,0,0,0,0,0,0,0,0,0,15,0,0,0,0,0,0,0,0,0,0,0,0,0,0,0,0,0,0,0,0,0,0,0,0,0,0,0,0,0,0,0,0,0,0,0,0,0,0,0,0,0,0,0,0,0,0,0,0,0,0,0,0,0,0,0,0,0,0,0,0,0,0,0,0,0,0,0,0,0,0,0,0,0,0,0,0,0,0,0,0,0,0,0,0,8,0,0,0,0,0,0,10,0,0,0,0,0,0,0,0,0,0,0,0,0,0,0,0,0,0,0,0,0,0,0,0,0,0,0,0,0,0,0,0,0,0,0,0,0,0,0,0,0,0,0,0,0,0,0,0,0,0,0,0,0,0,0,0,0,0,0,0,0,0,0,0,0,0,0,36,0,0,0,0,0,0,0,0,0,0,0,0,0,0,0,0,0,0,0,0,0,0,0,0,0,0,0,0,0,0,0,0,0,0,0,0,0,0,0,0,0,0,0,0,0,0,0,0,0,0,0,0,0,0,0,0,0,0,0,0,0,0,0,0,0,0,0,0,0,0,0,0,0,0,0,0,0,0,0,0,0,0,0,0,0,0,0,0,0,0,0,0,0,0,0,0,0,0,0,0,0,0,0,21,0,0,0,0,0,0,0,0,0,0,0,0,0,0,0,0,0,0,0,0,0,0,0,0,0,0,0,0,0,0,0,0,0,0,0,0,0,0,0,0,0,0,0,0,0,0,0,0,0,0,0,0,0,0,0,0,0,0,0,0,0,0,0,0,0,0,0,0,0,0,0,0,0,8,0,0,0,0,0,0,0,0,0,0,0,0,0,0,0,0,0,0,0,0,0,0,0,0,0,0,0,0,0,0,0,0,0,0,0,0,0,0,0,0,0,0,0,0,0,0,0,0,0,0,0,0,0,0,0,0,0,0,0,0,0,0,0,0,0,0,0,0,0,0,0,0,0,2754
spool3,10692,77,0,0,0,0,0,0,0,0,0,0,9473,417,452,0,0,0,0,0,0,0,0,1982,0,0,0,0,0,0,0,0,0,0,5283,0,0,0,0,0,0,122,0,0,0,0,0,0,0,0,0,0,0,0,0,0,0,0,0,0,0,0,0,0,119,0,0,0,0,0,0,0,0,0,0,0,0,0,0,0,0,0,0,0,0,0,0,0,140,0,0,0,103,0,0,197,0,0,0,0,0,0,269,0,0,0,0,0,0,0,0,0,0,0,0,0,0,0,0,0,0,0,0,0,0,0,0,0,0,117,0,0,0,0,0,0,0,0,0,0,0,0,0,0,0,0,0,0,0,519,0,0,0,0,0,0,11076,0,0,0,0,0,0,0,298,0,0,10,0,0,0,0,0,0,0,0,0,0,0,0,0,0,0,0,0,0,0,0,0,0,0,0,587,0,317,0,0,0,0,0,0,0,0,0,0,0,0,42,380,0,0,0,198,0,0,0,0,0,0,0,0,0,1742,346,0,0,0,0,0,0,0,0,0,0,0,0,0,0,0,0,114,0,0,0,0,0,0,0,0,0,0,0,0,0,0,0,0,0,0,0,0,0,0,0,33,0,0,0,0,0,0,0,0,0,0,0,0,0,0,0,0,0,0,0,0,0,0,0,0,0,29,0,0,0,0,0,0,0,0,0,0,0,0,0,0,0,0,0,0,0,0,0,0,0,0,0,0,0,0,0,0,0,0,0,0,0,0,0,0,0,0,0,0,4847,0,0,0,0,0,0,0,0,0,0,0,0,0,0,95,0,0,0,0,0,0,0,0,0,0,0,0,0,0,0,0,0,0,0,0,0,0,0,0,0,0,0,0,0,0,0,107,0,0,0,0,0,0,0,0,0,0,0,0,0,0,0,0,0,0,0,0,0,0,0,0,0,0,0,0,0,0,0,0,0,0,0,0,0,0,0,0,0,0,0,0,0,0,0,0,0,0,0,0,0,0,5,0,0,0,0,0,0,0,0,0,0,0,0,0,0,0,0,0,0,0,0,17,0,0,0,0,0,85,0,0,0,0,0,0,0,0,0,0,0,0,0,0,0,0,0,0,0,0,0,0,0,0,0,0,0,0,0,0,6,0,0,0,0,0,0,0,0,0,0,0,0,0,0,0,0,0,0,0,0,0,0,0,0,0,0,0,0,0,0,0,0,0,0,0,0,0,0,0,0,0,0,0,0,0,159,0,0,0,0,0,0,0,0,0,0,0,0,0,0,0,51,8,0,0,0,0,0,0,0,0,0,0,0,0,0,0,0,0,0,0,0,0,0,23,0,0,0,0,0,0,30,0,0,0,0,0,0,0,0,0,0,0,0,0,0,0,0,0,0,0,0,0,0,0,0,0,0,0,0,0,0,0,0,0,0,0,0,0,0,0,0,0,0,0,0,0,0,0,1095,0,0,0,0,0,0,0,0,0,0,0,0,0,0,0,0,0,0,0,0,0,0,0,0,0,0,0,0,0,0,0,0,0,0,0,0,0,0,0,0,0,0,0,0,0,0,0,0,0,0,0,0,49,0,0,0,0,0,0,0,0,0,0,0,0,0,0,0,0,0,0,0,0,0,0,0,0,0,0,0,0,0,0,0,0,0,0,0,0,0,0,0,0,0,0,0,0,0,0,0,0,0,0,0,0,0,0,0,0,0,0,0,0,0,0,0,0,0,0,0,0,0,0,0,0,0,0,0,0,0,0,0,0,0,0,0,0,0,0,0,0,0,0,0,0,0,0,0,0,0,0,0,0,0,0,0,0,0,0,0,0,0,0,0,0,0,0,0,0,0,0,0,0,0,0,0,0,0,0,0,0,0,0,0,0,0,0,0,0,0,0,0,0,0,0,0,0,0,0,0,0,0,0,0,0,0,0,0,0,0,0,0,0,0,0,0,0,0,0,0,23,0,0,0,0,0,0,0,0,0,0,8,0,0,0,0,0,0,0,0,0,0,0,0,0,0,0,0,0,0,0,0,0,0,0,0,0,0,0,0,0,0,0,0,0,0,0,0,0,0,0,0
spool4,1160,0,0,0,0,0,0,0,0,0,0,0,2004,145,205,0,1955,0,0,0,0,0,0,297,0,0,0,0,0,0,0,0,0,81,1800,0,0,0,0,0,0,5,0,0,0,0,0,0,0,0,0,0,0,0,0,0,0,0,0,0,0,0,0,0,16,0,0,0,0,0,0,0,0,0,0,0,0,0,0,0,0,0,0,0,0,0,0,0,21,0,0,0,6,0,0,19,0,0,0,0,0,0,0,1548,0,0,0,0,0,0,0,0,0,0,0,12,0,0,0,0,0,0,0,0,0,0,0,0,0,0,0,0,0,0,0,0,0,0,0,0,0,0,0,0,0,0,0,0,0,26,0,0,0,0,0,0,0,0,0,0,0,20,0,0,0,0,0,0,0,0,0,0,0,0,0,0,0,0,0,0,0,0,0,0,0,0,0,0,0,0,0,0,81,0,0,0,0,0,0,0,0,0,0,0,0,0,0,0,0,0,0,186,13,0,0,0,0,0,0,0,0,0,269,132,0,0,0,0,0,0,0,0,0,0,0,0,0,0,0,0,0,0,0,0,0,0,0,0,0,0,0,0,0,0,0,0,0,0,0,0,0,0,0,0,17,0,0,0,0,0,0,0,0,0,0,0,0,0,0,0,0,0,0,0,0,0,0,0,0,0,6,0,0,0,0,0,0,0,0,0,0,0,0,0,0,0,0,0,0,0,0,0,0,0,0,0,0,0,0,0,0,0,0,0,0,0,0,0,0,0,0,0,0,593,0,0,0,0,0,0,0,0,0,0,0,0,0,0,0,0,0,0,0,0,0,0,0,0,0,0,0,0,0,0,0,0,0,0,0,0,0,0,0,0,0,0,0,0,0,0,0,0,0,0,0,0,0,0,0,0,0,0,0,0,0,0,0,0,0,0,0,0,0,0,0,0,0,0,0,0,0,0,0,0,0,0,0,0,0,0,0,0,0,0,0,0,0,0,0,0,0,0,0,0,0,0,0,0,0,0,0,0,0,0,5,0,0,0,25,0,0,0,0,0,0,0,0,0,0,0,0,0,0,0,0,0,0,8508,0,0,0,0,0,0,0,0,0,0,0,0,0,0,0,0,0,0,0,0,0,0,0,0,0,0,0,0,0,0,117,0,0,0,0,0,0,0,0,0,0,0,0,0,0,0,0,0,0,0,0,0,0,0,0,0,0,0,0,0,0,0,0,0,0,0,0,0,0,0,0,0,0,0,0,0,0,0,0,0,0,0,0,0,0,0,0,0,0,0,0,0,0,0,0,0,0,0,0,0,0,0,0,0,0,0,0,0,0,0,0,0,0,0,0,0,0,0,0,0,0,0,0,0,0,0,0,0,0,0,0,0,0,0,0,0,0,0,0,0,0,0,0,0,0,0,0,0,0,0,0,0,0,0,0,0,0,5,0,0,0,0,0,0,0,0,0,0,0,0,0,0,0,0,0,0,0,0,0,0,0,0,0,0,0,0,0,0,0,0,0,0,0,0,0,0,0,0,0,0,0,0,0,0,0,0,0,34,0,0,0,0,0,0,0,0,0,0,0,0,0,0,0,76,0,0,0,0,0,0,0,0,0,0,0,0,0,0,0,0,0,0,0,0,0,0,0,0,0,0,0,0,0,0,0,0,0,0,0,0,0,0,0,0,0,0,0,0,0,0,0,0,0,0,0,0,0,0,0,0,0,0,0,0,0,0,0,0,0,0,0,0,0,0,0,0,0,0,0,0,0,0,0,0,0,0,0,0,92,0,0,0,0,0,0,0,0,0,0,0,0,0,0,42,0,0,0,0,0,0,0,0,52,0,0,0,0,0,0,0,0,0,0,0,0,0,14,0,0,0,0,0,0,0,0,50,0,0,0,0,35,0,0,0,0,0,0,0,0,0,0,0,0,0,0,0,0,0,0,0,0,0,0,0,0,0,0,0,0,0,0,0,0,0,0,0,24,0,0,0,0,16,0,0,0,0,0,0,0,0,0,0,0,0,0,0,0,0,0,0,0,0,0,0,0,0,0,0,0,0,0,0,0,0,0,0,0,0
spool1,29787,89,0,0,0,0,0,0,0,0,0,0,0,3102,141,0,0,0,0,0,0,0,0,0,0,0,0,2175,0,0,0,0,0,0,0,0,0,0,0,0,0,1100,0,0,0,0,0,0,0,0,0,0,0,0,0,0,0,0,0,0,0,0,0,0,0,0,0,0,0,0,0,0,0,0,0,0,0,0,0,0,0,0,0,0,0,0,0,0,0,0,0,0,0,0,0,0,0,0,0,0,0,0,0,0,0,0,0,0,0,0,0,0,0,0,0,0,0,0,0,0,0,0,0,0,0,0,0,0,0,291,0,0,0,0,0,0,0,0,0,0,0,814,0,0,0,0,0,0,0,0,0,0,0,0,0,0,0,0,0,0,0,138,0,0,0,0,0,0,0,0,0,0,0,0,0,0,0,0,0,0,0,0,0,0,0,0,0,821,0,0,0,0,0,0,0,0,0,0,0,0,0,0,0,0,0,0,0,0,0,0,0,4844,0,0,0,0,79,0,0,0,0,0,0,0,0,0,0,0,0,0,0,0,0,0,0,0,0,537,0,0,0,0,0,0,0,0,0,0,0,0,0,0,0,0,0,0,0,0,0,0,0,0,0,0,0,0,0,0,0,0,0,0,0,0,0,0,0,0,0,0,0,0,0,0,0,0,0,0,0,0,0,0,0,0,0,0,0,0,0,0,0,0,0,0,0,0,0,0,0,0,0,0,0,0,0,0,0,0,0,0,0,0,0,0,0,0,0,0,0,0,0,0,0,0,0,0,0,0,0,0,0,0,0,0,0,0,0,0,0,0,0,0,0,0,0,0,0,0,0,0,0,0,0,0,0,0,0,0,0,0,0,0,0,0,0,0,0,0,0,0,0,0,0,0,0,0,0,0,0,0,0,0,0,0,0,0,0,0,0,0,0,0,0,0,0,0,0,0,0,0,0,0,0,0,0,0,0,0,0,0,0,0,0,0,0,0,0,0,0,0,0,0,0,0,0,0,0,0,0,0,0,0,0,0,0,0,0,0,0,0,0,0,0,0,0,0,0,0,0,0,0,0,0,0,0,0,0,0,0,0,0,0,0,0,0,0,0,0,0,0,0,0,0,0,0,0,0,0,0,0,0,0,0,0,0,0,0,0,0,0,0,0,0,0,0,0,0,0,0,0,0,0,0,0,0,0,0,0,0,0,0,0,0,0,0,0,0,0,0,0,0,0,0,0,0,0,0,0,0,0,0,0,0,0,0,0,0,0,0,0,0,0,0,0,0,0,0,0,0,0,0,0,0,0,0,0,0,0,0,0,0,0,0,0,0,0,0,0,0,0,0,0,0,0,0,0,0,0,0,0,0,0,0,0,0,0,0,0,0,0,0,0,0,0,0,5,0,0,0,0,0,0,0,0,0,0,0,0,0,0,0,0,0,0,0,0,0,0,0,0,0,0,0,0,0,0,0,0,0,0,0,0,0,0,0,0,0,0,0,0,0,0,0,0,0,0,0,0,0,0,0,0,0,0,0,0,0,0,0,0,0,0,0,0,0,0,0,0,0,26,0,0,0,0,0,0,0,0,0,0,0,0,0,0,0,0,0,0,0,0,0,0,0,0,0,0,0,0,0,0,0,0,0,0,0,0,0,19,0,0,0,0,0,0,0,0,0,0,0,0,0,0,0,0,0,0,0,0,0,0,0,0,0,0,0,0,0,0,0,0,0,0,0,0,0,0,0,0,0,0,0,0,0,0,0,0,0,0,0,0,0,0,0,0,0,0,0,0,0,0,0,0,0,0,0,0,0,0,0,0,0,0,0,0,0,0,0,0,0,0,0,0,0,0,0,0,0,0,0,0,0,0,0,0,0,0,0,0,0,0,0,0,0,0,0,0,0,0,0,0,0,0,0,0,0,0,0,0,0,0,0,0,0,0,0,0,0,0,0,0,0,0,0,0,0,0,0,0,0,0,0,0,0,0,0,0,0,0,0,0,0,0,0,0,0,0,0,0,0,0,0,0,0,0,0,0,0,0,0,0,0,0,0,0,0,0,0,0,0,0,0,0,0,0,0,0
spool2,5022,0,0,0,0,0,0,0,0,0,0,0,0,34,0,0,0,0,0,0,0,0,0,0,0,0,0,846,0,0,0,0,0,0,0,0,0,0,0,0,0,234,0,0,0,0,0,0,0,0,0,0,0,0,0,0,0,0,0,0,0,0,0,0,0,0,0,0,0,0,0,0,0,0,0,0,0,0,0,0,0,0,0,0,0,0,0,0,0,56,0,0,0,0,0,0,0,0,0,0,0,0,11,0,0,0,0,0,0,0,0,0,0,0,0,0,0,0,0,0,0,0,0,0,0,0,0,0,0,49,0,0,0,0,0,0,0,0,0,0,0,574,0,0,0,3240,0,0,0,0,0,0,0,0,0,0,0,0,0,0,0,153,0,0,0,0,0,5690,0,0,0,0,0,0,0,0,0,0,0,0,0,0,0,0,0,0,0,0,0,0,0,0,0,0,0,0,0,0,0,0,0,0,0,0,0,0,0,0,0,0,0,1929,0,0,0,0,11,0,0,0,0,0,0,0,0,0,0,0,0,0,0,0,0,0,0,0,0,0,0,0,0,0,0,0,0,0,0,0,0,0,0,0,0,0,0,0,0,0,0,0,0,0,0,0,0,0,0,0,0,0,0,0,0,0,0,0,0,0,0,0,0,0,0,0,0,0,0,0,0,0,0,0,0,0,0,0,0,0,0,0,0,0,0,0,0,0,0,0,0,0,0,0,0,0,0,0,0,0,0,0,0,0,0,0,0,0,0,0,0,0,0,0,0,0,0,0,0,0,0,0,0,0,0,0,0,0,0,0,0,0,0,0,0,0,0,0,0,0,0,0,0,0,0,0,0,0,10,0,0,0,0,0,0,0,0,0,0,0,0,0,0,0,0,0,0,0,0,0,0,0,0,0,0,0,0,0,0,0,0,0,0,0,0,0,0,0,0,0,0,0,0,0,0,155,0,0,0,0,0,0,0,0,0,0,0,0,0,0,30,0,0,0,0,0,0,0,0,0,0,0,0,0,0,0,3637,0,0,0,0,0,0,0,0,0,0,0,169,0,0,0,53,0,0,0,0,0,0,0,0,0,0,0,0,0,0,0,0,0,0,0,0,0,0,0,0,0,0,0,0,0,0,0,0,0,0,0,0,0,0,0,0,0,70,0,0,0,0,0,0,0,0,0,0,0,0,0,0,0,0,0,0,0,0,0,0,0,0,0,0,0,0,0,0,0,0,0,0,0,0,0,0,0,0,0,0,0,0,0,0,0,0,0,0,0,0,20214,0,0,0,0,19,0,0,0,0,0,0,0,0,0,0,0,0,0,0,0,0,0,7,0,0,0,0,0,0,0,0,0,0,0,0,0,0,0,0,31,0,0,0,0,0,0,0,0,0,0,0,0,0,0,0,0,0,0,0,0,0,0,0,0,0,50,0,0,0,0,0,0,0,0,0,0,0,0,0,0,0,0,0,0,0,0,0,0,0,0,0,0,0,0,0,0,0,0,0,0,0,0,0,0,0,0,0,0,0,0,0,0,0,0,0,0,0,0,0,0,0,0,0,6,0,0,0,0,0,0,0,0,0,0,0,0,0,0,0,0,0,0,0,0,0,0,0,0,0,0,0,0,0,0,0,0,0,0,0,0,0,0,0,0,0,0,0,0,0,0,0,0,0,0,0,0,0,0,0,0,0,0,0,0,0,0,0,0,0,0,0,0,0,0,0,0,0,0,0,0,0,0,45,0,0,0,0,0,0,0,0,0,0,0,0,0,0,0,0,0,0,0,0,0,0,0,0,0,0,0,0,0,0,0,0,0,0,0,0,0,0,0,0,0,0,0,0,0,0,0,0,0,36,0,0,0,0,0,0,0,0,0,0,0,0,0,0,0,0,0,0,0,0,0,0,0,0,0,0,0,0,0,0,0,0,0,0,0,0,0,0,0,0,0,0,0,0,0,0,0,0,0,0,0,0,0,0,0,0,0,0,0,0,0,0,0,0,0,0,0,0,0,0,0,0,5,0,0,0,0,0,0,0,0,0,0,0,0,0,0,0,0,0,0,0,0,0,0,0,0
spool3,5673,19,0,0,0,0,0,0,0,0,0,0,0,10,0,0,0,0,0,0,0,0,0,0,0,0,0,0,0,0,0,0,0,0,5133,0,0,0,0,0,0,30,0,0,0,0,0,0,0,0,0,0,0,0,0,706,0,0,0,0,0,0,0,0,0,0,0,0,0,0,0,0,0,0,0,0,0,0,0,0,0,0,0,0,0,0,0,0,0,0,0,0,0,0,0,0,0,0,0,0,0,0,1152,0,0,0,0,0,0,0,0,0,0,0,0,0,0,0,0,0,0,0,0,0,0,0,0,0,0,0,0,0,0,0,0,0,0,0,0,0,0,76,0,0,0,0,0,0,0,0,0,0,0,0,0,0,0,0,0,0,0,15,0,0,0,0,0,2550,0,0,0,0,0,0,0,0,0,0,0,0,0,0,0,0,0,0,0,0,0,0,0,0,0,0,0,0,0,0,0,0,0,0,0,0,0,0,0,0,0,0,0,59,110,0,0,0,0,0,0,0,0,0,0,0,0,0,0,0,0,0,0,0,0,0,0,0,0,0,0,0,0,0,0,0,0,0,0,0,0,0,0,0,0,0,0,0,0,0,0,0,0,0,0,0,33,0,0,0,0,0,0,0,0,0,0,0,0,0,0,0,0,0,0,0,0,0,0,0,0,0,0,0,0,0,0,0,0,0,0,0,0,0,0,0,0,0,0,0,0,0,0,0,0,0,0,0,0,0,0,0,0,0,0,0,0,0,0,0,0,0,0,0,0,0,0,0,0,0,0,0,0,0,0,0,0,0,0,0,0,0,0,0,0,0,0,0,0,0,0,0,0,0,0,0,0,0,103,0,0,0,0,0,0,0,0,0,0,0,0,0,0,0,0,0,0,0,0,0,0,0,0,0,0,0,0,0,0,0,0,0,0,0,0,0,0,0,0,0,0,0,0,0,0,26,0,0,0,0,0,0,0,0,0,0,0,0,0,0,31,0,0,0,0,0,0,0,0,0,0,0,0,0,16,0,0,0,0,0,0,0,0,0,0,0,0,0,5135,0,0,0,18,0,0,0,0,0,0,0,0,0,0,0,123,0,0,0,0,0,0,0,0,0,0,0,0,0,0,0,0,0,0,0,0,0,0,0,0,0,0,0,0,0,41,0,0,0,0,0,0,0,0,0,0,0,0,0,0,0,0,0,0,0,0,0,0,0,0,0,0,0,0,0,0,0,0,0,0,0,0,0,0,0,0,0,0,0,0,0,0,0,0,0,0,0,0,19629,0,0,0,0,5,0,0,0,0,0,0,0,0,0,0,0,0,0,0,0,0,0,0,0,0,0,0,0,0,0,0,0,0,0,0,25,0,0,0,0,0,0,0,0,0,0,0,0,0,0,0,0,0,0,0,0,0,0,0,0,0,0,0,0,0,37,0,0,0,0,0,0,0,0,0,0,0,1303,10,0,0,0,0,0,0,0,0,0,0,0,0,0,0,0,0,0,0,0,0,0,0,0,0,0,0,0,0,0,0,0,0,0,0,0,0,0,0,0,0,0,0,0,0,0,0,0,0,0,0,0,0,0,0,0,0,0,0,0,0,0,0,0,0,0,0,0,0,0,0,0,0,0,0,0,0,0,0,0,0,0,0,0,0,0,0,0,0,0,0,0,0,0,0,0,0,0,0,0,0,0,0,0,0,0,0,0,0,0,0,0,0,0,0,0,0,0,0,0,0,0,0,0,14,0,21,0,0,0,0,0,0,0,0,0,0,0,0,0,0,0,0,0,0,0,0,0,0,0,0,0,0,0,0,0,0,0,0,0,0,0,0,0,0,0,0,0,0,0,0,0,0,0,0,0,0,0,0,0,0,0,0,0,0,0,0,0,0,0,0,0,0,0,0,0,0,0,0,0,0,0,0,0,0,0,0,0,0,0,0,0,0,0,0,0,0,0,0,0,0,0,0,0,0,0,0,0,0,0,0,0,0,0,0,0,0,0,0,0,0,0,0,0,0,0,0,0,0,0,0,0,0,0,0,0,0,0,0,0,0,0,0,0,0,0,0,0,0,0,0,0
spool4,2599,327,0,0,0,0,0,0,0,0,0,0,10650,521,8,0,0,0,0,0,0,0,0,0,0,0,0,6,0,0,0,0,0,0,1534,3097,0,0,0,0,0,35,0,0,0,0,0,0,0,0,0,0,0,0,0,0,0,2453,0,0,0,0,0,0,0,0,0,0,0,0,0,0,0,0,0,0,0,0,0,0,0,0,0,0,0,0,0,0,0,0,0,0,0,0,0,1566,0,0,0,0,0,0,0,0,0,0,0,0,0,0,0,0,0,0,0,0,0,0,0,0,0,0,0,189,0,0,0,0,0,0,0,0,0,0,0,0,0,0,0,0,0,10,0,0,0,0,0,0,0,264,0,0,0,0,0,0,0,0,0,0,0,147,0,0,0,0,0,1043,0,0,0,0,0,0,0,0,0,0,0,0,0,0,0,0,0,0,0,0,0,0,0,0,0,0,0,0,0,0,0,0,0,0,0,0,0,0,0,0,0,0,0,740,37,0,0,0,0,0,0,0,0,0,0,0,0,0,0,0,0,0,0,0,0,0,0,0,0,0,0,0,0,0,0,0,0,0,0,0,0,0,0,0,0,0,0,0,0,140,0,0,0,0,0,0,10,0,0,0,0,0,0,0,0,0,0,0,0,0,0,0,0,0,0,0,0,0,0,0,0,0,0,0,0,0,0,0,0,0,0,0,0,0,0,0,0,0,0,0,0,0,0,0,0,0,0,0,0,0,0,0,0,0,0,0,0,0,0,0,0,0,0,0,0,0,0,0,0,0,0,0,0,0,0,0,0,0,0,0,0,0,0,0,0,0,0,0,0,0,0,0,0,0,0,0,0,0,101,0,0,0,0,0,0,0,0,0,0,0,0,0,0,0,0,0,0,0,0,0,0,0,0,0,0,0,0,0,0,0,0,0,0,0,0,0,0,0,0,0,0,0,0,0,0,19,0,0,0,0,0,0,0,0,0,0,0,0,0,0,22,0,0,0,0,0,0,0,0,0,0,0,0,0,0,0,1548,0,0,0,0,0,0,0,0,0,0,0,231,0,0,0,19,0,0,0,0,0,0,0,0,0,0,0,0,0,0,0,0,0,0,0,0,0,0,0,0,0,0,0,0,0,0,0,0,0,0,0,0,0,0,0,0,0,35,0,0,0,0,0,0,0,0,0,0,0,0,0,0,96,0,0,0,0,0,0,0,0,0,0,0,83,0,0,0,0,0,0,0,0,0,0,0,0,0,0,0,0,0,0,0,0,0,0,0,0,92,18217,0,64,0,0,9,0,0,0,0,0,0,0,0,0,0,0,0,0,0,0,0,0,6,0,0,0,0,0,0,0,0,0,0,0,0,14,0,0,0,0,0,0,0,0,0,0,0,0,0,0,0,0,0,0,0,0,0,0,0,0,0,0,0,0,0,16,0,0,0,0,0,0,0,0,0,0,0,21,52,0,0,0,0,104,0,0,0,0,0,0,0,0,0,0,0,0,0,0,0,0,0,0,69,0,0,0,0,0,0,0,0,0,0,0,0,0,0,0,0,0,0,0,0,0,0,0,0,0,0,0,0,0,0,0,0,0,0,0,0,0,0,0,0,0,0,0,0,0,0,46,0,0,0,0,0,0,0,0,0,0,0,0,0,0,0,191,0,0,0,0,0,0,0,0,30,0,0,0,0,0,0,0,0,0,0,0,0,0,0,0,0,0,0,0,0,0,0,0,0,0,0,0,0,0,9,0,0,0,0,0,0,0,0,0,0,16,0,0,0,0,0,0,0,0,0,0,0,0,0,0,0,0,0,0,0,0,0,0,0,0,0,0,0,0,0,0,0,0,0,0,0,0,0,0,0,0,0,0,0,0,0,0,0,0,0,0,0,0,0,0,0,0,0,0,0,0,0,0,0,0,0,0,0,0,0,0,0,0,19,0,0,0,0,0,0,0,0,0,0,0,0,0,0,0,0,0,0,0,0,8,0,0,0,0,12,4526,0,0,0,0,0,0,0,0,0,0,0,0,0,0,0,0,0,0,0,0,0,0,0,0,0,0,0,0,0,0,0,0,0,0
spool1,11341,11,0,0,0,0,0,0,0,64,0,0,0,1208,0,0,0,0,0,0,0,0,0,0,0,0,0,0,0,0,0,0,0,0,0,0,0,0,34,0,0,275,0,0,0,0,0,0,0,0,0,0,0,0,0,0,0,0,506,0,0,0,0,0,0,0,0,0,0,0,0,0,0,0,0,0,0,0,5150,0,0,0,0,0,0,0,215,0,0,0,0,0,0,0,0,0,0,0,0,0,0,0,0,0,0,0,0,0,0,0,0,0,0,181,0,0,0,0,0,0,0,0,0,0,0,0,0,0,0,1679,0,0,0,0,0,0,0,0,0,0,0,0,0,0,0,337,0,175,0,0,0,0,0,0,0,0,0,0,0,0,0,0,0,0,0,0,0,0,0,0,0,0,0,0,570,0,0,0,0,0,0,0,0,0,0,0,0,0,0,0,0,0,0,0,0,0,0,0,0,0,0,0,0,0,0,0,0,0,0,0,0,255,0,0,0,0,0,0,0,0,0,0,4848,1035,0,0,0,0,0,0,0,0,0,0,0,0,0,0,0,0,0,450,0,0,0,0,0,0,0,0,0,0,0,0,0,0,0,0,0,0,0,160,0,0,0,0,0,0,0,0,0,0,0,0,0,0,0,0,0,0,0,0,0,0,0,0,0,0,0,0,0,0,0,0,0,0,0,0,0,0,858,0,0,0,0,0,0,0,0,0,0,0,0,50,0,0,0,0,0,0,0,0,0,0,0,0,0,0,0,0,0,0,0,0,0,0,0,0,0,0,0,0,0,0,0,0,0,0,0,0,0,0,0,0,0,0,307,0,0,0,0,0,0,229,0,0,0,0,0,0,0,0,0,60,0,0,0,0,0,0,0,0,110,0,0,0,0,0,10,0,0,0,0,0,0,0,51,0,0,0,0,0,0,18,0,0,0,0,0,0,0,0,0,0,0,0,162,0,0,0,0,0,0,0,0,0,0,0,0,32,0,0,0,0,0,0,0,0,0,0,0,0,0,0,8432,0,0,0,0,0,0,0,0,0,0,42,0,0,0,0,0,0,0,0,0,0,0,0,0,0,0,0,0,0,0,0,0,0,0,0,0,0,0,0,0,0,0,0,0,0,0,0,0,0,0,0,0,0,0,0,51,0,0,0,0,0,0,0,0,0,0,0,0,0,0,0,0,0,0,0,0,0,0,0,0,0,0,0,0,0,0,0,0,0,0,0,0,0,0,0,0,0,0,0,0,0,0,0,0,0,0,0,0,0,0,0,0,0,0,0,0,0,0,0,0,0,0,0,0,0,0,0,0,0,0,0,0,0,0,0,0,0,0,0,19,0,0,0,0,0,0,0,0,0,0,8,0,24,0,0,0,0,0,0,0,0,0,0,0,0,0,0,0,0,0,0,0,0,0,0,0,0,0,0,0,0,50,0,0,0,0,0,0,0,0,0,0,0,0,0,0,0,0,0,0,0,0,0,0,0,0,0,0,0,0,981,0,0,0,0,0,0,0,0,0,0,0,0,0,0,0,0,0,0,0,0,0,0,0,0,0,0,0,0,0,0,0,0,0,155,0,0,0,0,0,0,0,0,0,0,0,0,0,0,0,0,0,0,0,0,0,0,0,0,0,0,0,9,0,0,0,0,0,0,0,0,0,0,0,0,0,0,0,0,0,0,0,0,0,0,0,0,0,0,0,0,0,0,0,0,0,0,0,0,0,0,0,0,0,0,0,0,0,0,0,0,0,0,0,0,0,0,0,0,0,0,0,0,0,0,0,0,0,0,0,0,0,0,0,0,0,0,0,0,0,0,25,0,0,0,0,0,0,0,0,0,0,0,0,0,0,0,0,0,0,0,0,0,0,0,0,0,0,0,0,0,0,0,0,0,0,0,0,0,0,0,0,0,0,0,0,17,0,0,0,0,0,0,0,0,0,0,0,0,0,0,0,0,0,0,0,0,0,0,0,0,0,0,0,0,0,0,0,0,0,0,0,0,0,0,0,0,0,0,0,0,0,0,0,0,0,0,0,0,0,0,0,0,0,0,0,0,0,0,0,0
spool2,10661,78,0,0,0,0,0,0,0,0,0,0,0,61,11,0,0,0,0,0,0,0,0,0,0,0,0,0,0,0,0,0,0,0,0,0,0,0,1443,0,0,304,0,0,0,0,0,0,0,0,0,0,0,0,0,0,0,0,508,0,0,0,0,0,0,0,431,0,0,0,0,0,0,0,0,0,0,0,5779,0,0,0,0,0,0,0,1306,0,0,0,0,0,0,0,0,0,0,0,0,0,0,0,0,0,0,14,51,0,0,0,0,5604,0,518,0,0,0,0,0,0,0,0,0,0,0,0,0,0,0,247,0,0,0,0,0,0,0,0,0,0,0,79,0,0,0,0,0,523,626,0,0,0,0,0,0,0,0,0,0,0,0,0,0,6,0,0,0,0,0,0,0,0,0,0,641,0,0,0,0,0,0,0,0,0,441,0,0,0,0,0,0,0,0,0,0,0,0,0,0,0,0,0,0,0,0,0,0,0,0,0,0,1554,0,0,0,0,8,0,0,0,0,0,4253,2153,0,0,0,0,0,0,0,0,0,0,0,0,0,0,0,0,0,177,0,0,0,0,0,0,0,0,0,0,0,0,0,0,0,0,0,0,0,171,0,0,0,0,0,0,0,0,0,19,0,0,0,0,0,0,0,0,0,0,0,0,0,0,0,0,0,0,0,0,0,0,0,0,0,0,0,0,1027,0,0,0,0,0,0,0,0,0,0,0,0,146,0,0,0,0,221,0,0,0,0,0,0,0,0,0,0,0,0,0,0,0,0,0,0,0,0,0,0,0,0,0,0,0,0,0,0,0,0,0,0,0,0,0,0,0,0,0,0,0,0,154,0,0,0,0,0,0,0,0,0,128,0,0,0,0,0,0,0,0,11,0,0,0,0,0,0,0,0,0,0,0,0,0,65,0,0,0,0,0,0,30,0,0,0,0,0,0,0,0,0,0,0,0,0,0,0,0,0,0,0,0,0,0,0,0,0,20,0,0,0,0,40,0,0,0,0,0,0,0,0,0,8766,0,0,0,0,0,0,0,0,0,0,46,0,0,0,0,0,0,0,0,0,0,0,0,0,0,0,0,0,0,0,0,0,0,0,0,0,0,0,0,0,0,0,0,0,0,0,0,0,0,0,0,0,0,0,0,470,0,0,0,0,0,0,0,0,0,0,34,0,0,0,0,0,0,0,0,0,0,0,0,0,0,0,0,0,0,0,0,62,0,0,0,0,0,0,0,0,0,0,0,0,0,0,0,0,0,0,0,0,0,0,0,845,0,0,0,0,0,0,0,0,0,0,0,0,0,0,0,0,0,0,0,0,0,0,0,0,0,0,0,30,0,0,0,0,0,0,0,0,0,0,11,0,50,0,0,0,0,0,0,0,0,0,0,0,0,0,0,0,0,0,0,0,0,0,0,0,0,0,0,0,0,0,0,0,0,0,0,0,22,0,0,0,0,0,0,0,0,0,0,0,0,0,0,0,0,0,0,0,0,0,339,0,0,0,116,0,0,0,0,0,0,0,0,0,0,0,0,0,0,0,0,0,0,0,0,0,0,0,0,0,0,0,0,0,1694,0,0,0,0,0,0,0,0,0,0,0,0,0,0,0,0,0,0,0,0,0,0,0,0,0,0,0,7,0,0,0,0,0,0,0,0,0,0,0,0,0,0,0,0,0,0,0,0,0,0,0,0,12,0,0,0,0,0,0,0,0,0,0,0,0,0,0,0,0,0,0,0,0,7,0,0,0,0,0,0,0,0,0,0,0,0,0,0,0,0,0,0,0,0,0,0,0,0,0,0,0,0,0,0,0,0,0,0,0,0,0,0,0,0,0,0,0,0,0,0,0,0,0,0,0,0,0,0,0,0,0,0,0,0,0,0,0,0,0,0,0,0,0,0,0,0,0,0,0,0,1020,8,0,0,0,0,0,0,18,0,0,0,0,0,0,0,0,0,0,0,0,0,0,0,0,0,0,0,0,0,0,0,0,0,0,0,0,0,0,0,0,0,0,0,0,0,0,0,0,0,0,19,0,0,0,15,0,0,0,0,0,0,0,331,0,0
spool3,3755,12,0,0,0,0,0,0,0,12,0,0,7423,374,18,0,0,0,0,0,0,0,0,0,0,0,0,0,0,0,0,0,0,0,0,0,0,0,11,0,0,83,0,0,0,0,0,0,0,0,0,0,0,0,0,0,0,0,74,0,0,0,0,0,0,11,0,0,0,0,0,0,0,0,0,0,0,0,974,0,0,0,0,0,0,0,0,0,0,0,0,0,0,0,1249,173,0,0,0,0,0,0,0,0,0,64,0,0,0,0,0,1429,0,10,0,0,0,0,0,0,0,0,0,0,0,0,0,0,0,5,0,0,0,0,0,0,0,0,0,0,0,0,0,0,0,0,0,90,0,0,0,0,0,0,0,0,1454,0,0,0,0,0,0,0,0,0,0,0,0,0,0,0,0,0,263,0,0,0,0,0,0,0,0,0,0,0,0,0,0,0,0,0,0,0,0,0,0,0,0,0,0,0,0,0,0,0,0,0,0,0,0,217,0,0,0,0,0,0,0,0,0,0,907,169,0,0,0,0,0,0,0,0,0,0,0,0,0,0,0,0,0,53,0,0,0,0,0,0,0,0,0,0,0,0,0,0,0,0,0,0,0,21,0,0,0,0,0,0,0,0,0,0,0,0,0,0,0,0,0,0,0,0,0,0,0,0,0,0,0,0,0,0,0,0,0,0,5,0,0,0,2720,0,0,0,0,0,0,0,0,0,0,0,0,0,0,0,0,0,0,0,0,0,0,0,0,0,0,0,0,0,0,0,0,0,0,0,0,0,0,0,0,0,0,0,0,0,0,0,0,0,0,0,0,0,0,0,61,0,0,0,0,0,0,50,0,0,0,0,0,0,0,0,0,46,0,0,0,0,0,0,0,0,0,0,0,0,0,0,5,2714,0,0,0,0,0,0,14,0,0,0,0,0,0,0,0,0,0,0,0,0,0,0,0,0,0,0,0,11,0,0,0,0,0,0,0,0,0,0,0,9,0,0,0,0,47,0,0,0,0,0,0,0,0,0,3991,0,0,0,0,0,0,0,0,0,0,49,0,0,0,0,0,0,0,0,0,0,0,0,0,0,0,0,0,0,0,0,0,0,0,0,0,0,0,0,0,0,0,0,0,0,0,0,0,0,0,0,0,0,0,0,9,0,0,0,0,0,0,0,0,0,0,98,0,0,0,0,0,0,0,0,0,0,0,0,0,0,0,0,0,12,0,0,0,0,0,0,0,0,0,12,0,0,0,0,0,0,0,0,0,0,0,0,0,0,13,0,171,10,0,0,0,0,0,0,0,0,0,0,0,0,0,0,0,0,0,0,0,0,0,0,0,0,0,0,0,0,0,0,0,0,0,0,0,0,0,0,0,29,0,0,0,0,0,0,0,0,0,0,0,0,0,0,0,0,0,0,0,0,0,0,0,0,0,0,0,0,0,0,0,0,0,0,0,159,0,0,0,0,0,6,0,0,0,0,3506,0,0,0,0,0,0,0,0,0,0,20,0,0,22,9,0,0,0,0,0,0,0,0,0,0,0,0,0,0,0,0,0,0,0,0,0,0,0,0,0,0,0,0,0,0,0,0,0,0,27,0,0,0,0,0,0,0,0,0,0,0,0,0,0,0,0,0,0,0,0,0,0,0,0,0,0,27,0,0,0,0,0,0,0,0,0,0,0,0,0,0,0,0,0,0,0,0,5,0,0,0,0,0,0,0,0,0,0,0,0,0,0,0,0,0,0,0,0,0,0,0,0,0,0,0,0,0,0,0,0,0,0,0,0,0,0,0,0,0,0,0,0,0,0,0,0,0,0,0,0,0,0,0,0,0,0,0,0,0,0,0,0,0,0,0,0,0,0,0,0,0,0,0,0,0,0,0,0,0,0,0,0,0,0,0,0,0,0,0,0,0,0,0,0,0,2197,0,0,0,0,0,0,0,0,0,0,0,0,0,0,0,0,0,0,0,0,0,0,0,0,6,0,0,0,0,0,472,0,0,0,0,0,0,0,0,0,0,0,0,0,0,0,0,0,0,0,0,0,0,0,0,0,0,0,0,0,0,0,0,0,0
spool4,2056,24,0,0,0,0,0,0,0,0,0,0,409,100,0,0,0,0,0,0,0,0,0,0,0,0,0,0,0,0,0,0,0,0,0,0,0,0,262,0,0,87,0,0,0,0,0,0,0,0,0,0,0,0,0,0,0,0,204,0,0,0,0,0,0,0,191,0,0,0,0,0,0,0,0,0,0,0,1270,0,0,0,0,0,0,0,377,0,0,0,0,0,0,0,49,0,0,0,0,0,0,0,10,0,0,0,14,0,0,0,0,859,0,190,0,0,0,0,0,0,0,0,0,0,0,0,0,0,0,59,0,0,0,0,0,0,0,0,0,0,0,20,0,0,0,0,0,104,174,0,0,0,0,0,0,0,1808,0,0,0,0,0,0,0,0,0,0,0,0,0,0,0,0,0,224,0,0,0,0,0,0,0,0,0,107,0,0,0,0,0,0,0,0,0,0,0,0,0,0,0,0,0,0,0,677,0,0,0,0,0,0,278,0,0,0,0,0,0,0,0,0,0,1277,557,0,0,0,0,0,0,0,0,0,0,0,0,0,0,0,0,0,71,0,0,0,0,0,0,0,0,0,0,0,0,0,0,0,0,0,0,0,68,0,0,0,0,0,0,0,0,0,21,0,0,0,0,0,0,2148,0,0,0,0,0,0,0,0,0,0,0,0,0,0,0,0,0,0,0,0,200,2130,0,0,0,0,0,0,0,0,0,0,0,0,80,0,0,0,0,56,0,0,0,0,0,0,0,49,0,0,0,0,0,0,0,0,0,0,0,0,0,0,0,0,0,0,0,0,0,0,0,0,0,0,0,0,0,7,0,0,0,0,0,0,39,0,0,0,0,0,0,0,0,0,47,0,0,0,0,0,0,0,0,0,0,0,0,0,0,0,3193,0,0,0,0,0,0,32,0,0,0,0,0,0,6,0,0,0,0,0,0,0,0,0,0,0,0,0,0,0,0,13,0,0,0,0,0,0,0,0,0,0,0,0,0,20,0,0,0,0,0,0,0,0,0,2957,0,0,0,0,0,0,0,0,0,0,5,0,0,0,0,0,0,0,0,0,0,0,0,0,0,0,0,0,0,0,0,0,0,0,0,0,0,39,0,0,0,0,0,0,16,0,0,0,0,0,0,0,0,0,0,89,0,0,0,0,0,0,0,0,0,0,127,0,0,0,0,0,0,0,0,0,0,0,0,0,0,0,0,0,0,0,0,19,0,0,0,0,0,0,8,0,0,0,0,0,0,0,0,0,0,0,0,0,0,5,0,316,0,0,0,0,0,0,0,0,0,0,0,0,0,0,0,0,0,0,0,0,0,0,0,0,0,6,0,18,0,0,0,0,0,0,0,0,0,0,0,0,7,0,0,0,0,0,0,0,0,0,0,0,0,0,0,0,0,0,0,0,0,0,0,0,0,0,0,0,0,0,14,0,0,0,0,0,0,0,0,0,0,0,0,0,0,0,0,65,0,0,0,0,0,0,0,0,0,0,72,0,0,10,30,0,0,0,0,0,0,0,0,0,0,0,0,0,0,0,0,0,0,0,0,0,0,0,0,50,0,0,0,0,326,0,0,0,0,71,0,0,0,0,0,0,0,0,0,0,0,0,0,0,0,0,0,0,0,0,0,0,0,0,0,0,6,0,0,0,0,0,0,0,0,0,0,0,0,0,0,0,0,0,0,0,0,0,0,0,0,0,0,0,0,0,0,0,0,0,0,5,0,0,0,0,0,0,0,0,0,0,0,0,0,0,0,0,0,0,0,0,0,0,0,0,0,0,0,0,0,0,0,0,0,0,0,0,0,0,0,0,0,0,0,0,0,0,0,0,0,0,0,0,0,0,0,0,0,0,0,0,0,0,0,0,0,0,0,0,0,0,0,0,0,0,0,0,0,0,0,0,0,0,0,1365,0,0,0,0,0,0,0,5,0,0,0,0,0,0,0,0,0,0,0,0,0,0,0,0,0,0,0,0,0,0,150,0,0,0,0,0,0,0,0,0,0,0,0,0,0,0,0,0,0,0,5,0,0,0,0,0,0,0,5380,0,0,0,101,0,0
spool1,4933,0,0,0,0,0,0,0,0,0,0,0,0,3321,0,0,0,0,0,0,0,0,0,0,0,0,0,0,0,0,0,0,0,0,0,0,0,0,0,0,0,0,0,0,0,0,0,0,0,0,0,0,0,0,0,0,0,0,0,0,0,0,0,0,0,0,0,0,0,0,0,0,0,0,0,0,0,0,0,0,0,0,0,0,0,0,0,0,0,0,0,0,0,0,0,0,0,0,0,0,0,0,0,0,0,0,0,0,0,0,0,0,0,0,0,0,0,0,0,0,0,0,0,0,0,0,0,0,0,107,0,0,0,0,0,0,0,0,0,0,0,1196,0,0,0,2033,0,0,0,0,0,0,0,0,0,0,0,0,0,0,0,0,0,7,0,0,0,0,0,0,0,0,0,0,0,0,0,0,0,0,0,0,0,0,0,0,0,0,0,0,0,0,0,0,0,0,0,0,0,0,0,0,0,0,0,0,0,0,0,0,0,11761,0,0,0,0,0,0,0,0,0,0,20347,0,0,0,0,0,0,0,0,0,0,0,0,0,0,0,0,0,0,0,0,0,0,0,0,0,0,0,0,0,466,0,0,0,0,0,0,0,0,0,0,0,0,0,0,0,0,0,0,0,0,0,0,0,0,0,0,0,0,0,0,0,0,0,0,0,0,0,0,0,0,0,0,0,0,0,0,0,0,0,0,0,0,0,0,0,0,0,0,0,0,0,0,0,0,0,0,0,0,0,0,0,0,0,0,0,0,0,0,0,0,0,0,0,0,0,0,0,0,0,0,0,0,0,0,0,0,0,0,0,0,0,0,0,0,0,0,0,0,0,0,0,0,0,0,0,0,0,0,0,0,0,0,0,0,0,0,0,0,0,0,0,0,0,0,0,0,0,0,0,0,0,0,0,0,0,0,0,0,0,0,0,0,0,0,0,0,0,0,0,0,0,0,0,0,0,0,0,0,0,0,0,0,0,0,0,0,0,0,0,0,0,0,0,0,0,160,0,0,0,0,0,7387,0,0,0,0,0,0,0,0,0,0,0,0,0,0,0,0,0,0,0,0,0,0,0,0,0,0,0,0,0,0,0,0,0,0,0,0,0,0,0,0,0,0,0,0,0,0,0,0,0,0,0,0,0,0,0,0,0,0,0,0,0,0,0,0,0,0,0,0,0,0,0,0,0,0,0,0,0,0,0,0,0,0,0,0,0,0,0,0,0,0,0,0,0,0,0,0,0,0,0,0,0,0,0,0,0,0,0,0,0,0,0,0,0,0,0,0,0,0,0,0,0,0,0,0,0,0,0,0,0,0,0,0,0,0,0,0,0,0,0,0,0,0,0,0,0,0,0,0,0,0,0,0,0,0,0,0,0,0,0,0,0,0,0,0,0,0,0,0,0,0,0,0,0,0,0,0,0,0,0,0,0,0,28,0,0,0,0,0,0,0,0,0,0,0,0,0,0,0,0,0,0,0,0,0,0,0,0,0,0,0,0,0,0,0,296,0,0,0,0,0,0,0,0,0,0,0,0,0,0,0,0,0,0,0,5,0,0,0,0,0,0,0,0,0,0,0,0,0,0,0,0,0,0,0,0,0,0,0,0,0,0,0,0,0,0,0,0,0,0,0,0,0,0,0,0,0,0,0,0,0,0,0,0,0,0,0,0,0,0,0,0,0,0,0,0,0,0,0,0,0,0,0,0,0,0,0,0,0,0,0,0,0,0,0,0,0,0,0,19,0,0,0,0,0,0,0,0,0,0,0,0,0,0,0,0,0,0,0,0,0,0,0,0,0,0,0,0,0,0,5,0,0,0,0,0,0,0,0,0,0,0,0,0,0,0,0,0,0,0,0,0,0,0,0,0,0,0,0,0,0,0,0,0,0,0,0,0,0,0,0,0,0,0,0,0,0,0,0,0,0,0,0,0,0,0,0,0,0,0,0,0,0,0,0,0,0,0,0,0,0,0,0,0,0,0,0,0,0,0,0,0,0,0,0,0,0,0,0,0,0,0,0,0,0,0,0,0,0,0,0,0,0,0,0,0,0,4421,0,0,0,0
spool2,2869,0,0,0,0,0,0,0,0,0,2129,0,0,0,0,0,0,0,0,0,0,0,0,0,0,0,0,0,0,0,0,0,0,0,0,0,0,0,0,0,0,0,0,0,0,0,0,0,0,0,0,0,0,0,0,0,0,0,0,0,0,0,0,0,0,0,0,0,0,0,0,0,0,0,0,0,0,0,0,0,0,0,0,0,0,0,0,0,0,15066,0,0,0,0,0,0,0,0,0,0,0,0,0,0,0,0,0,0,0,0,0,0,0,0,0,0,0,0,0,0,0,0,0,0,0,0,0,0,0,0,0,0,0,0,0,0,0,0,0,0,0,486,0,0,0,0,0,0,0,0,0,0,0,0,0,0,0,0,0,0,0,0,0,0,0,0,0,0,0,0,0,0,0,0,0,0,0,0,0,0,0,0,0,0,0,0,0,0,0,0,0,0,0,104,0,0,0,0,0,0,0,0,0,0,0,0,0,0,0,0,0,0,0,0,550,0,0,0,0,0,0,0,10079,0,0,0,0,0,0,0,0,0,0,0,0,0,0,0,0,0,0,0,0,0,0,9126,0,0,0,0,0,0,0,0,0,0,0,0,0,0,0,0,0,0,0,0,0,0,0,0,0,0,0,0,0,0,0,0,0,0,0,0,0,0,0,0,0,0,0,0,0,0,0,0,0,0,0,0,0,0,0,0,0,0,0,0,0,0,0,0,0,0,0,0,0,0,0,0,0,0,0,0,0,0,0,0,0,0,0,0,0,0,0,0,0,0,0,0,0,0,0,0,0,0,0,0,0,0,0,0,0,0,0,0,0,0,0,0,0,0,0,0,0,0,0,0,303,0,0,0,0,0,0,0,0,0,0,0,0,0,0,0,0,0,0,0,0,0,0,0,0,0,0,0,0,0,0,0,0,0,0,0,0,0,0,0,0,0,0,0,0,0,0,0,0,0,0,0,0,0,0,0,0,0,0,0,0,0,56,0,0,0,0,0,0,0,0,0,0,0,0,0,0,0,2571,0,0,0,0,0,0,0,0,0,0,45,220,0,0,0,89,0,0,0,0,0,0,0,0,0,0,0,0,0,0,0,0,0,0,0,0,0,0,0,0,0,0,0,0,0,0,0,0,0,0,0,0,0,0,0,0,0,150,0,0,0,0,0,0,0,0,0,0,0,0,0,0,0,0,0,0,0,7316,0,0,0,0,0,0,0,0,0,0,0,0,0,0,0,0,0,0,0,0,0,0,0,0,0,0,0,0,0,0,0,0,301,0,0,0,0,51,0,111,0,0,0,124,0,0,0,0,0,0,0,0,0,0,0,0,0,0,0,0,0,0,0,0,0,0,0,0,116,0,0,0,0,0,0,0,0,0,0,0,0,0,0,0,0,0,0,0,0,0,0,0,0,0,0,0,0,0,139,0,0,0,0,0,0,0,0,0,0,0,0,0,0,0,0,0,0,0,0,0,0,0,0,0,0,0,0,0,0,0,0,0,0,0,0,0,0,0,0,0,0,0,0,0,0,0,0,0,0,0,0,0,0,0,0,0,0,0,0,0,0,0,0,0,0,0,0,0,0,0,0,0,0,0,0,0,0,0,0,0,0,0,0,0,0,0,0,0,0,0,0,0,0,0,0,0,0,0,0,0,0,0,0,0,0,0,0,0,0,0,0,0,0,0,0,0,0,0,0,0,0,0,0,0,0,0,0,0,0,0,0,0,0,0,0,0,0,30,0,0,7,0,0,0,0,0,0,0,0,0,0,0,0,0,0,0,0,0,0,0,0,0,0,0,0,0,0,0,0,0,0,0,0,0,0,0,0,0,0,0,0,0,0,0,0,0,0,0,0,0,0,0,0,0,0,0,0,0,0,0,0,0,0,0,0,0,0,0,0,0,0,0,0,0,0,0,0,0,0,0,0,0,0,0,0,0,0,0,0,0,0,0,0,0,0,0,0,0,0,0,0,0,0,0,0,0,0,0,0,0,0,0,0,0,0,0,0,0,0,0,0,0,0,0,0,0,0,0,0,0,0,0,0,0,0,0,0,0,0,0,0,0,0
spool3,1830,51,0,0,0,0,0,0,0,0,0,0,0,255,11,0,0,0,0,0,0,0,0,0,0,0,0,0,0,0,0,0,0,0,16638,0,0,0,0,0,0,0,0,0,0,0,0,0,0,0,0,0,0,0,0,0,0,0,0,0,0,0,0,0,0,0,0,0,0,0,0,0,0,0,0,0,0,0,0,0,0,0,0,0,0,0,0,0,0,8133,0,0,0,88,0,0,0,0,0,0,0,0,694,0,0,0,0,0,0,0,0,0,0,0,0,0,0,0,0,0,0,0,0,0,0,0,0,0,0,0,0,0,0,0,0,0,0,0,0,0,0,149,0,0,0,0,0,0,0,0,0,0,0,0,0,0,0,0,0,0,0,0,0,0,0,0,0,0,0,0,0,0,0,0,0,0,0,0,0,0,0,0,0,0,0,0,0,0,0,0,0,0,0,5,0,0,0,0,0,0,0,0,0,0,0,0,0,0,0,0,0,304,168,0,0,0,0,0,0,0,0,0,4647,0,0,0,0,0,8,0,0,0,0,0,0,0,0,0,0,0,0,0,0,0,0,0,0,0,0,0,0,0,0,0,0,0,0,0,0,0,0,0,0,0,69,0,0,0,0,0,0,0,0,0,0,0,0,0,0,0,0,0,0,0,0,0,0,0,0,0,0,0,0,0,0,0,0,0,0,0,0,0,0,0,0,0,0,0,0,0,0,0,0,0,0,0,0,0,0,0,0,0,0,0,0,0,0,0,0,0,0,0,0,0,0,0,0,0,0,0,0,0,0,0,0,0,0,0,54,0,0,0,0,0,0,0,0,0,0,0,0,0,0,0,0,0,155,0,0,0,0,0,0,0,0,0,0,0,0,0,0,0,0,0,0,0,0,0,0,0,0,0,0,0,0,0,0,0,0,0,0,0,0,0,0,0,0,0,0,0,0,0,0,105,0,0,0,0,0,0,0,0,3713,0,0,0,0,0,26,0,0,0,0,0,0,0,0,0,0,0,0,0,0,0,604,0,0,0,0,0,0,0,0,0,0,26,0,0,0,0,37,0,0,0,0,0,0,0,0,0,0,0,0,0,0,0,0,0,0,0,0,0,0,0,0,0,0,0,0,0,0,0,0,0,0,0,0,0,0,0,0,0,43,0,0,0,0,0,0,0,0,0,0,0,0,0,0,0,0,0,0,0,0,0,0,0,0,0,0,0,0,0,0,0,0,0,0,0,0,0,0,0,0,0,7157,0,0,0,0,0,0,0,0,0,0,29,0,0,0,0,0,0,0,0,0,0,0,0,0,0,0,0,0,0,0,0,0,0,0,0,0,0,0,0,0,0,0,0,0,0,0,18,0,0,0,0,0,29,0,0,0,0,0,0,0,0,0,0,0,0,0,0,0,0,0,0,0,0,0,0,0,43,0,0,0,0,0,0,0,0,0,0,0,0,93,0,0,0,0,0,0,0,0,0,0,0,0,0,0,0,0,0,0,0,0,0,0,0,0,0,0,0,0,0,0,0,0,0,0,0,0,0,0,0,0,0,0,0,0,0,0,0,0,0,0,0,0,0,0,0,0,0,0,0,0,0,39,0,0,0,0,0,0,0,0,0,0,0,0,0,0,0,0,0,0,0,0,0,0,0,0,0,0,0,0,0,0,0,0,0,0,0,0,0,0,0,0,0,0,0,0,0,0,0,0,0,0,0,0,0,0,0,0,0,0,0,0,0,0,0,49,0,0,0,0,0,0,0,0,0,0,0,0,0,0,0,0,0,0,0,0,0,0,0,0,0,0,0,0,0,86,0,0,0,0,0,0,0,0,0,0,0,0,0,0,0,0,0,0,0,0,0,0,0,0,0,48,0,0,0,0,0,0,0,0,0,0,0,0,0,0,0,0,0,0,0,0,0,16,0,0,0,0,0,0,0,0,0,0,0,0,0,0,0,0,0,0,0,0,0,0,0,0,0,0,0,0,0,0,0,0,0,0,0,0,0,0,0,0,0,0,0,0,0,0,0,0,0,24,0,0,0,0,0,0,0,0,0,0,0,0,0,0,0,0,0
spool4,424,0,4218,0,0,0,0,0,0,0,0,0,0,213,584,0,0,0,3543,0,0,0,0,0,0,0,0,0,0,0,0,0,0,0,6089,0,0,1618,0,0,0,0,2734,0,0,0,0,0,0,0,0,0,0,0,0,0,0,0,0,0,0,0,0,0,0,0,0,0,0,0,0,0,0,0,0,0,0,0,0,0,0,0,0,0,0,0,0,0,0,0,0,0,0,0,0,0,0,0,0,0,0,0,0,0,0,0,0,0,0,0,0,0,0,0,0,0,0,0,0,0,1391,0,0,0,0,0,0,0,0,0,0,0,0,0,0,0,0,0,0,0,0,33,0,0,0,0,0,0,0,0,0,0,0,0,0,0,0,0,0,0,0,0,0,8,0,0,0,0,0,0,0,0,0,0,0,0,0,0,18411,0,0,0,0,0,0,0,0,0,0,0,0,0,0,732,0,0,0,0,0,0,0,0,0,0,0,0,0,0,0,0,0,0,69,0,0,0,37,0,0,0,0,0,925,0,0,0,0,0,0,0,0,0,0,0,0,0,0,0,0,0,0,0,0,0,0,0,0,0,0,0,0,0,0,0,0,0,0,0,0,0,0,0,0,0,18,0,0,0,0,0,0,0,0,0,0,0,0,0,0,0,0,0,0,0,0,0,0,0,0,0,0,0,0,0,0,0,0,0,0,0,0,0,0,0,0,0,0,0,0,0,0,0,0,0,0,0,0,0,0,0,0,0,0,0,0,0,0,0,0,0,0,0,0,0,0,300,0,0,0,0,0,0,0,0,0,0,0,0,15,0,0,0,0,0,0,0,0,0,0,0,0,0,0,0,0,0,21,0,0,0,0,0,0,0,0,0,0,0,0,0,0,0,0,0,0,0,0,0,0,0,0,0,0,0,0,0,0,0,0,0,0,0,0,0,0,0,0,0,0,0,0,0,0,5,179,0,0,8,0,101,0,0,0,0,0,0,0,0,0,0,0,0,0,0,0,0,0,175,0,0,0,0,0,0,255,0,0,0,0,0,0,0,0,0,0,0,23,0,0,0,0,0,0,0,0,0,0,0,0,0,0,0,0,0,0,0,0,0,0,0,196,0,0,0,0,0,0,0,122,0,0,0,0,0,0,0,0,0,0,0,0,0,10,0,0,0,0,0,0,0,0,0,0,0,0,0,0,0,0,0,0,0,0,0,0,0,0,0,0,0,0,0,0,0,0,0,0,0,0,0,0,0,0,0,0,0,0,0,0,0,0,0,0,0,0,4175,0,0,0,0,77,0,0,0,68,0,0,0,0,0,0,0,0,0,0,0,0,0,0,0,0,0,0,0,0,0,0,0,0,0,0,8,0,0,0,0,0,0,0,0,0,0,0,0,0,0,0,0,8,0,0,0,0,0,0,0,0,0,0,0,0,10,0,0,0,0,0,0,0,0,0,0,0,457,11,0,0,0,0,0,0,0,0,0,0,0,762,0,0,0,0,0,0,0,0,0,0,0,0,0,0,0,0,0,0,0,0,0,0,0,0,0,0,0,0,0,0,0,0,0,0,0,0,0,0,0,0,0,0,0,0,0,5,0,0,0,0,0,0,0,0,0,161,0,0,0,0,0,0,0,0,0,0,0,0,0,0,0,0,0,37,0,0,0,0,0,0,0,0,0,0,0,0,0,0,0,0,0,0,0,0,0,0,0,0,0,0,0,0,0,0,0,0,0,0,0,13,0,0,0,19,0,0,0,27,0,0,0,0,0,0,0,0,0,0,0,0,0,0,0,0,0,0,0,0,21,0,0,0,0,0,0,0,0,0,0,0,0,0,0,0,0,0,0,0,0,0,0,0,0,0,113,0,0,0,0,0,0,0,0,0,0,0,0,0,0,0,0,0,0,0,0,0,0,0,0,0,0,0,0,0,0,0,0,0,0,0,0,0,21,0,0,0,26,0,0,0,0,0,0,0,0,0,0,0,0,0,0,0,0,0,0,0,0,0,0,0,0,0,0,0,0,0,0,0,0,0,13,0,0,0,0,0,0,0,0,0,15,0,0,0,0,0,0,0,0
